elem_tag,node_i,node_j,sect_id,transFlag,mass_addl,location_tracker,elem_type,material
1,100001,100017,col_c1,1,85.55738872,c1,elasticBeamColumn,
2,110017,100033,col_c1,1,85.55738872,c1,elasticBeamColumn,
3,110033,100289,col_c1,1,85.55738872,c1,elasticBeamColumn,
4,110289,100049,col_c2,1,85.92132505,c1,elasticBeamColumn,
5,110049,100065,col_c2,1,85.92132505,c1,elasticBeamColumn,
6,110065,100081,col_c2,1,85.92132505,c1,elasticBeamColumn,
7,110081,100293,col_c2,1,85.92132505,c1,elasticBeamColumn,
8,110293,100097,col_c3,1,84.86445393,c1,elasticBeamColumn,
9,110097,100113,col_c3,1,84.86445393,c1,elasticBeamColumn,
10,110113,100129,col_c3,1,84.86445393,c1,elasticBeamColumn,
11,110129,100297,col_c3,1,84.86445393,c1,elasticBeamColumn,
12,110297,100145,col_c4,1,82.44015269,c1,elasticBeamColumn,
13,110145,100161,col_c4,1,82.44015269,c1,elasticBeamColumn,
14,110161,100177,col_c4,1,82.44015269,c1,elasticBeamColumn,
15,110177,100301,col_c4,1,82.44015269,c1,elasticBeamColumn,
16,110301,100193,col_c5,1,81.57026398,c1,elasticBeamColumn,
17,110193,100209,col_c5,1,81.57026398,c1,elasticBeamColumn,
18,110209,100225,col_c5,1,81.57026398,c1,elasticBeamColumn,
19,110225,100305,col_c5,1,81.57026398,c1,elasticBeamColumn,
20,110305,100241,col_c6,1,78.88586957,c1,elasticBeamColumn,
21,110241,100257,col_c6,1,78.88586957,c1,elasticBeamColumn,
22,110257,100273,col_c6,1,78.88586957,c1,elasticBeamColumn,
23,110273,100309,col_c6,1,78.88586957,c1,elasticBeamColumn,
24,110309,100377,col_c7,1,78.33414208,c1,elasticBeamColumn,
25,110377,100381,col_c7,1,78.33414208,c1,elasticBeamColumn,
26,110381,100401,col_c7,1,78.33414208,c1,elasticBeamColumn,
27,100418,100431,col_c8,1,112.6444423,c1,elasticBeamColumn,
28,110431,100447,col_c8,1,84.21103994,c1,elasticBeamColumn,
29,110447,100449,col_c8,1,50.99847955,c1,elasticBeamColumn,
30,110449,100453,col_c8,1,27.70655409,c1,elasticBeamColumn,
31,110453,100457,col_c8,1,8.296616201,c1,elasticBeamColumn,
32,100004,100020,col_c1,1,85.55738872,c4,elasticBeamColumn,
33,110020,100036,col_c1,1,85.55738872,c4,elasticBeamColumn,
34,110036,100290,col_c1,1,85.55738872,c4,elasticBeamColumn,
35,110290,100052,col_c2,1,85.92132505,c4,elasticBeamColumn,
36,110052,100068,col_c2,1,85.92132505,c4,elasticBeamColumn,
37,110068,100084,col_c2,1,85.92132505,c4,elasticBeamColumn,
38,110084,100294,col_c2,1,85.92132505,c4,elasticBeamColumn,
39,110294,100100,col_c3,1,84.86445393,c4,elasticBeamColumn,
40,110100,100116,col_c3,1,84.86445393,c4,elasticBeamColumn,
41,110116,100132,col_c3,1,84.86445393,c4,elasticBeamColumn,
42,110132,100298,col_c3,1,84.86445393,c4,elasticBeamColumn,
43,110298,100148,col_c4,1,82.44015269,c4,elasticBeamColumn,
44,110148,100164,col_c4,1,82.44015269,c4,elasticBeamColumn,
45,110164,100180,col_c4,1,82.44015269,c4,elasticBeamColumn,
46,110180,100302,col_c4,1,82.44015269,c4,elasticBeamColumn,
47,110302,100196,col_c5,1,81.57026398,c4,elasticBeamColumn,
48,110196,100212,col_c5,1,81.57026398,c4,elasticBeamColumn,
49,110212,100228,col_c5,1,81.57026398,c4,elasticBeamColumn,
50,110228,100306,col_c5,1,81.57026398,c4,elasticBeamColumn,
51,110306,100244,col_c6,1,78.88586957,c4,elasticBeamColumn,
52,110244,100260,col_c6,1,78.88586957,c4,elasticBeamColumn,
53,110260,100276,col_c6,1,78.88586957,c4,elasticBeamColumn,
54,110276,100310,col_c6,1,78.88586957,c4,elasticBeamColumn,
55,110310,100378,col_c7,1,78.33414208,c4,elasticBeamColumn,
56,110378,100384,col_c7,1,78.33414208,c4,elasticBeamColumn,
57,110384,100411,col_c7,1,78.33414208,c4,elasticBeamColumn,
58,100420,100430,col_c8,1,112.6444423,c4,elasticBeamColumn,
59,110430,100446,col_c8,1,84.21103994,c4,elasticBeamColumn,
60,110446,100452,col_c8,1,50.99847955,c4,elasticBeamColumn,
61,110452,100456,col_c8,1,27.70655409,c4,elasticBeamColumn,
62,110456,100460,col_c8,1,8.296616201,c4,elasticBeamColumn,
63,100013,100029,col_c1,1,85.55738872,c13,elasticBeamColumn,
64,110029,100045,col_c1,1,85.55738872,c13,elasticBeamColumn,
65,110045,100291,col_c1,1,85.55738872,c13,elasticBeamColumn,
66,110291,100061,col_c2,1,85.92132505,c13,elasticBeamColumn,
67,110061,100077,col_c2,1,85.92132505,c13,elasticBeamColumn,
68,110077,100093,col_c2,1,85.92132505,c13,elasticBeamColumn,
69,110093,100295,col_c2,1,85.92132505,c13,elasticBeamColumn,
70,110295,100109,col_c3,1,84.86445393,c13,elasticBeamColumn,
71,110109,100125,col_c3,1,84.86445393,c13,elasticBeamColumn,
72,110125,100141,col_c3,1,84.86445393,c13,elasticBeamColumn,
73,110141,100299,col_c3,1,84.86445393,c13,elasticBeamColumn,
74,110299,100157,col_c4,1,82.44015269,c13,elasticBeamColumn,
75,110157,100173,col_c4,1,82.44015269,c13,elasticBeamColumn,
76,110173,100189,col_c4,1,82.44015269,c13,elasticBeamColumn,
77,110189,100303,col_c4,1,82.44015269,c13,elasticBeamColumn,
78,110303,100205,col_c5,1,81.57026398,c13,elasticBeamColumn,
79,110205,100221,col_c5,1,81.57026398,c13,elasticBeamColumn,
80,110221,100237,col_c5,1,81.57026398,c13,elasticBeamColumn,
81,110237,100307,col_c5,1,81.57026398,c13,elasticBeamColumn,
82,110307,100253,col_c6,1,78.88586957,c13,elasticBeamColumn,
83,110253,100269,col_c6,1,78.88586957,c13,elasticBeamColumn,
84,110269,100285,col_c6,1,78.88586957,c13,elasticBeamColumn,
85,110285,100311,col_c6,1,78.88586957,c13,elasticBeamColumn,
86,110311,100380,col_c7,1,78.33414208,c13,elasticBeamColumn,
87,110380,100391,col_c7,1,78.33414208,c13,elasticBeamColumn,
88,110391,100410,col_c7,1,78.33414208,c13,elasticBeamColumn,
89,100417,100426,col_c8,1,112.6444423,c13,elasticBeamColumn,
90,110426,100442,col_c8,1,84.21103994,c13,elasticBeamColumn,
91,110442,100450,col_c8,1,50.99847955,c13,elasticBeamColumn,
92,110450,100454,col_c8,1,27.70655409,c13,elasticBeamColumn,
93,110454,100458,col_c8,1,8.296616201,c13,elasticBeamColumn,
94,100016,100032,col_c1,1,85.55738872,c16,elasticBeamColumn,
95,110032,100048,col_c1,1,85.55738872,c16,elasticBeamColumn,
96,110048,100292,col_c1,1,85.55738872,c16,elasticBeamColumn,
97,110292,100064,col_c2,1,85.92132505,c16,elasticBeamColumn,
98,110064,100080,col_c2,1,85.92132505,c16,elasticBeamColumn,
99,110080,100096,col_c2,1,85.92132505,c16,elasticBeamColumn,
100,110096,100296,col_c2,1,85.92132505,c16,elasticBeamColumn,
101,110296,100112,col_c3,1,84.86445393,c16,elasticBeamColumn,
102,110112,100128,col_c3,1,84.86445393,c16,elasticBeamColumn,
103,110128,100144,col_c3,1,84.86445393,c16,elasticBeamColumn,
104,110144,100300,col_c3,1,84.86445393,c16,elasticBeamColumn,
105,110300,100160,col_c4,1,82.44015269,c16,elasticBeamColumn,
106,110160,100176,col_c4,1,82.44015269,c16,elasticBeamColumn,
107,110176,100192,col_c4,1,82.44015269,c16,elasticBeamColumn,
108,110192,100304,col_c4,1,82.44015269,c16,elasticBeamColumn,
109,110304,100208,col_c5,1,81.57026398,c16,elasticBeamColumn,
110,110208,100224,col_c5,1,81.57026398,c16,elasticBeamColumn,
111,110224,100240,col_c5,1,81.57026398,c16,elasticBeamColumn,
112,110240,100308,col_c5,1,81.57026398,c16,elasticBeamColumn,
113,110308,100256,col_c6,1,78.88586957,c16,elasticBeamColumn,
114,110256,100272,col_c6,1,78.88586957,c16,elasticBeamColumn,
115,110272,100288,col_c6,1,78.88586957,c16,elasticBeamColumn,
116,110288,100312,col_c6,1,78.88586957,c16,elasticBeamColumn,
117,110312,100379,col_c7,1,78.33414208,c16,elasticBeamColumn,
118,110379,100394,col_c7,1,78.33414208,c16,elasticBeamColumn,
119,110394,100414,col_c7,1,78.33414208,c16,elasticBeamColumn,
120,100419,100427,col_c8,1,112.6444423,c16,elasticBeamColumn,
121,110427,100443,col_c8,1,84.21103994,c16,elasticBeamColumn,
122,110443,100451,col_c8,1,50.99847955,c16,elasticBeamColumn,
123,110451,100455,col_c8,1,27.70655409,c16,elasticBeamColumn,
124,110455,100459,col_c8,1,8.296616201,c16,elasticBeamColumn,
125,100002,100018,col_ex1,1,67.62939959,c2,elasticBeamColumn,
126,110018,100034,col_ex1,1,67.62939959,c2,elasticBeamColumn,
127,110034,100050,col_ex1,1,67.62939959,c2,elasticBeamColumn,
128,110050,100317,col_ex1,1,67.62939959,c2,elasticBeamColumn,
129,110317,100066,col_ex2,1,66.4225867,c2,elasticBeamColumn,
130,110066,100082,col_ex2,1,66.4225867,c2,elasticBeamColumn,
131,110082,100098,col_ex2,1,66.4225867,c2,elasticBeamColumn,
132,110098,100321,col_ex2,1,66.4225867,c2,elasticBeamColumn,
133,110321,100114,col_ex3,1,65.94348473,c2,elasticBeamColumn,
134,110114,100130,col_ex3,1,65.94348473,c2,elasticBeamColumn,
135,110130,100146,col_ex3,1,65.94348473,c2,elasticBeamColumn,
136,110146,100325,col_ex3,1,65.94348473,c2,elasticBeamColumn,
137,110325,100162,col_ex4,1,64.81091486,c2,elasticBeamColumn,
138,110162,100178,col_ex4,1,64.81091486,c2,elasticBeamColumn,
139,110178,100194,col_ex4,1,64.81091486,c2,elasticBeamColumn,
140,110194,100329,col_ex4,1,64.81091486,c2,elasticBeamColumn,
141,110329,100210,col_ex5,1,63.79415761,c2,elasticBeamColumn,
142,110210,100226,col_ex5,1,63.79415761,c2,elasticBeamColumn,
143,110226,100333,col_ex5,1,63.79415761,c2,elasticBeamColumn,
144,110333,100242,col_ex6,1,63.79415761,c2,elasticBeamColumn,
145,110242,100258,col_ex6,1,63.79415761,c2,elasticBeamColumn,
146,110258,100274,col_ex6,1,63.79415761,c2,elasticBeamColumn,
147,100003,100019,col_ex1,1,67.62939959,c3,elasticBeamColumn,
148,110019,100035,col_ex1,1,67.62939959,c3,elasticBeamColumn,
149,110035,100051,col_ex1,1,67.62939959,c3,elasticBeamColumn,
150,110051,100318,col_ex1,1,67.62939959,c3,elasticBeamColumn,
151,110318,100067,col_ex2,1,66.4225867,c3,elasticBeamColumn,
152,110067,100083,col_ex2,1,66.4225867,c3,elasticBeamColumn,
153,110083,100099,col_ex2,1,66.4225867,c3,elasticBeamColumn,
154,110099,100322,col_ex2,1,66.4225867,c3,elasticBeamColumn,
155,110322,100115,col_ex3,1,65.94348473,c3,elasticBeamColumn,
156,110115,100131,col_ex3,1,65.94348473,c3,elasticBeamColumn,
157,110131,100147,col_ex3,1,65.94348473,c3,elasticBeamColumn,
158,110147,100326,col_ex3,1,65.94348473,c3,elasticBeamColumn,
159,110326,100163,col_ex4,1,64.81091486,c3,elasticBeamColumn,
160,110163,100179,col_ex4,1,64.81091486,c3,elasticBeamColumn,
161,110179,100195,col_ex4,1,64.81091486,c3,elasticBeamColumn,
162,110195,100330,col_ex4,1,64.81091486,c3,elasticBeamColumn,
163,110330,100211,col_ex5,1,63.79415761,c3,elasticBeamColumn,
164,110211,100227,col_ex5,1,63.79415761,c3,elasticBeamColumn,
165,110227,100334,col_ex5,1,63.79415761,c3,elasticBeamColumn,
166,110334,100243,col_ex6,1,63.79415761,c3,elasticBeamColumn,
167,110243,100259,col_ex6,1,63.79415761,c3,elasticBeamColumn,
168,110259,100275,col_ex6,1,63.79415761,c3,elasticBeamColumn,
169,100014,100030,col_ex1,1,67.62939959,c14,elasticBeamColumn,
170,110030,100046,col_ex1,1,67.62939959,c14,elasticBeamColumn,
171,110046,100062,col_ex1,1,67.62939959,c14,elasticBeamColumn,
172,110062,100319,col_ex1,1,67.62939959,c14,elasticBeamColumn,
173,110319,100078,col_ex2,1,66.4225867,c14,elasticBeamColumn,
174,110078,100094,col_ex2,1,66.4225867,c14,elasticBeamColumn,
175,110094,100110,col_ex2,1,66.4225867,c14,elasticBeamColumn,
176,110110,100323,col_ex2,1,66.4225867,c14,elasticBeamColumn,
177,110323,100126,col_ex3,1,65.94348473,c14,elasticBeamColumn,
178,110126,100142,col_ex3,1,65.94348473,c14,elasticBeamColumn,
179,110142,100158,col_ex3,1,65.94348473,c14,elasticBeamColumn,
180,110158,100327,col_ex3,1,65.94348473,c14,elasticBeamColumn,
181,110327,100174,col_ex4,1,64.81091486,c14,elasticBeamColumn,
182,110174,100190,col_ex4,1,64.81091486,c14,elasticBeamColumn,
183,110190,100206,col_ex4,1,64.81091486,c14,elasticBeamColumn,
184,110206,100331,col_ex4,1,64.81091486,c14,elasticBeamColumn,
185,110331,100222,col_ex5,1,63.79415761,c14,elasticBeamColumn,
186,110222,100238,col_ex5,1,63.79415761,c14,elasticBeamColumn,
187,110238,100335,col_ex5,1,63.79415761,c14,elasticBeamColumn,
188,110335,100254,col_ex6,1,63.79415761,c14,elasticBeamColumn,
189,110254,100270,col_ex6,1,63.79415761,c14,elasticBeamColumn,
190,110270,100286,col_ex6,1,63.79415761,c14,elasticBeamColumn,
191,100015,100031,col_ex1,1,67.62939959,c15,elasticBeamColumn,
192,110031,100047,col_ex1,1,67.62939959,c15,elasticBeamColumn,
193,110047,100063,col_ex1,1,67.62939959,c15,elasticBeamColumn,
194,110063,100320,col_ex1,1,67.62939959,c15,elasticBeamColumn,
195,110320,100079,col_ex2,1,66.4225867,c15,elasticBeamColumn,
196,110079,100095,col_ex2,1,66.4225867,c15,elasticBeamColumn,
197,110095,100111,col_ex2,1,66.4225867,c15,elasticBeamColumn,
198,110111,100324,col_ex2,1,66.4225867,c15,elasticBeamColumn,
199,110324,100127,col_ex3,1,65.94348473,c15,elasticBeamColumn,
200,110127,100143,col_ex3,1,65.94348473,c15,elasticBeamColumn,
201,110143,100159,col_ex3,1,65.94348473,c15,elasticBeamColumn,
202,110159,100328,col_ex3,1,65.94348473,c15,elasticBeamColumn,
203,110328,100175,col_ex4,1,64.81091486,c15,elasticBeamColumn,
204,110175,100191,col_ex4,1,64.81091486,c15,elasticBeamColumn,
205,110191,100207,col_ex4,1,64.81091486,c15,elasticBeamColumn,
206,110207,100332,col_ex4,1,64.81091486,c15,elasticBeamColumn,
207,110332,100223,col_ex5,1,63.79415761,c15,elasticBeamColumn,
208,110223,100239,col_ex5,1,63.79415761,c15,elasticBeamColumn,
209,110239,100336,col_ex5,1,63.79415761,c15,elasticBeamColumn,
210,110336,100255,col_ex6,1,63.79415761,c15,elasticBeamColumn,
211,110255,100271,col_ex6,1,63.79415761,c15,elasticBeamColumn,
212,110271,100287,col_ex6,1,63.79415761,c15,elasticBeamColumn,
213,100005,100021,col_ey1,2,78.27251553,c5,elasticBeamColumn,
214,110021,100037,col_ey1,2,78.27251553,c5,elasticBeamColumn,
215,110037,100053,col_ey1,2,78.27251553,c5,elasticBeamColumn,
216,110053,100337,col_ey1,2,78.27251553,c5,elasticBeamColumn,
217,110337,100069,col_ey2,2,73.90010352,c5,elasticBeamColumn,
218,110069,100085,col_ey2,2,73.90010352,c5,elasticBeamColumn,
219,110085,100101,col_ey2,2,73.90010352,c5,elasticBeamColumn,
220,110101,100341,col_ey2,2,73.90010352,c5,elasticBeamColumn,
221,110341,100117,col_ey3,2,73.99424172,c5,elasticBeamColumn,
222,110117,100133,col_ey3,2,73.99424172,c5,elasticBeamColumn,
223,110133,100149,col_ey3,2,73.99424172,c5,elasticBeamColumn,
224,110149,100345,col_ey3,2,73.99424172,c5,elasticBeamColumn,
225,110345,100165,col_ey4,2,71.69545807,c5,elasticBeamColumn,
226,110165,100181,col_ey4,2,71.69545807,c5,elasticBeamColumn,
227,110181,100197,col_ey4,2,71.69545807,c5,elasticBeamColumn,
228,110197,100349,col_ey4,2,71.69545807,c5,elasticBeamColumn,
229,110349,100213,col_ey5,2,70.85662526,c5,elasticBeamColumn,
230,110213,100229,col_ey5,2,70.85662526,c5,elasticBeamColumn,
231,110229,100353,col_ey5,2,70.85662526,c5,elasticBeamColumn,
232,110353,100245,col_ey6,2,69.82142857,c5,elasticBeamColumn,
233,110245,100261,col_ey6,2,69.82142857,c5,elasticBeamColumn,
234,110261,100277,col_ey6,2,69.82142857,c5,elasticBeamColumn,
235,100008,100024,col_ey1,2,78.27251553,c8,elasticBeamColumn,
236,110024,100040,col_ey1,2,78.27251553,c8,elasticBeamColumn,
237,110040,100056,col_ey1,2,78.27251553,c8,elasticBeamColumn,
238,110056,100338,col_ey1,2,78.27251553,c8,elasticBeamColumn,
239,110338,100072,col_ey2,2,73.90010352,c8,elasticBeamColumn,
240,110072,100088,col_ey2,2,73.90010352,c8,elasticBeamColumn,
241,110088,100104,col_ey2,2,73.90010352,c8,elasticBeamColumn,
242,110104,100342,col_ey2,2,73.90010352,c8,elasticBeamColumn,
243,110342,100120,col_ey3,2,73.99424172,c8,elasticBeamColumn,
244,110120,100136,col_ey3,2,73.99424172,c8,elasticBeamColumn,
245,110136,100152,col_ey3,2,73.99424172,c8,elasticBeamColumn,
246,110152,100346,col_ey3,2,73.99424172,c8,elasticBeamColumn,
247,110346,100168,col_ey4,2,71.69545807,c8,elasticBeamColumn,
248,110168,100184,col_ey4,2,71.69545807,c8,elasticBeamColumn,
249,110184,100200,col_ey4,2,71.69545807,c8,elasticBeamColumn,
250,110200,100350,col_ey4,2,71.69545807,c8,elasticBeamColumn,
251,110350,100216,col_ey5,2,70.85662526,c8,elasticBeamColumn,
252,110216,100232,col_ey5,2,70.85662526,c8,elasticBeamColumn,
253,110232,100354,col_ey5,2,70.85662526,c8,elasticBeamColumn,
254,110354,100248,col_ey6,2,69.82142857,c8,elasticBeamColumn,
255,110248,100264,col_ey6,2,69.82142857,c8,elasticBeamColumn,
256,110264,100280,col_ey6,2,69.82142857,c8,elasticBeamColumn,
257,100009,100025,col_ey1,2,78.27251553,c9,elasticBeamColumn,
258,110025,100041,col_ey1,2,78.27251553,c9,elasticBeamColumn,
259,110041,100057,col_ey1,2,78.27251553,c9,elasticBeamColumn,
260,110057,100339,col_ey1,2,78.27251553,c9,elasticBeamColumn,
261,110339,100073,col_ey2,2,73.90010352,c9,elasticBeamColumn,
262,110073,100089,col_ey2,2,73.90010352,c9,elasticBeamColumn,
263,110089,100105,col_ey2,2,73.90010352,c9,elasticBeamColumn,
264,110105,100343,col_ey2,2,73.90010352,c9,elasticBeamColumn,
265,110343,100121,col_ey3,2,73.99424172,c9,elasticBeamColumn,
266,110121,100137,col_ey3,2,73.99424172,c9,elasticBeamColumn,
267,110137,100153,col_ey3,2,73.99424172,c9,elasticBeamColumn,
268,110153,100347,col_ey3,2,73.99424172,c9,elasticBeamColumn,
269,110347,100169,col_ey4,2,71.69545807,c9,elasticBeamColumn,
270,110169,100185,col_ey4,2,71.69545807,c9,elasticBeamColumn,
271,110185,100201,col_ey4,2,71.69545807,c9,elasticBeamColumn,
272,110201,100351,col_ey4,2,71.69545807,c9,elasticBeamColumn,
273,110351,100217,col_ey5,2,70.85662526,c9,elasticBeamColumn,
274,110217,100233,col_ey5,2,70.85662526,c9,elasticBeamColumn,
275,110233,100355,col_ey5,2,70.85662526,c9,elasticBeamColumn,
276,110355,100249,col_ey6,2,69.82142857,c9,elasticBeamColumn,
277,110249,100265,col_ey6,2,69.82142857,c9,elasticBeamColumn,
278,110265,100281,col_ey6,2,69.82142857,c9,elasticBeamColumn,
279,100012,100028,col_ey1,2,78.27251553,c12,elasticBeamColumn,
280,110028,100044,col_ey1,2,78.27251553,c12,elasticBeamColumn,
281,110044,100060,col_ey1,2,78.27251553,c12,elasticBeamColumn,
282,110060,100340,col_ey1,2,78.27251553,c12,elasticBeamColumn,
283,110340,100076,col_ey2,2,73.90010352,c12,elasticBeamColumn,
284,110076,100092,col_ey2,2,73.90010352,c12,elasticBeamColumn,
285,110092,100108,col_ey2,2,73.90010352,c12,elasticBeamColumn,
286,110108,100344,col_ey2,2,73.90010352,c12,elasticBeamColumn,
287,110344,100124,col_ey3,2,73.99424172,c12,elasticBeamColumn,
288,110124,100140,col_ey3,2,73.99424172,c12,elasticBeamColumn,
289,110140,100156,col_ey3,2,73.99424172,c12,elasticBeamColumn,
290,110156,100348,col_ey3,2,73.99424172,c12,elasticBeamColumn,
291,110348,100172,col_ey4,2,71.69545807,c12,elasticBeamColumn,
292,110172,100188,col_ey4,2,71.69545807,c12,elasticBeamColumn,
293,110188,100204,col_ey4,2,71.69545807,c12,elasticBeamColumn,
294,110204,100352,col_ey4,2,71.69545807,c12,elasticBeamColumn,
295,110352,100220,col_ey5,2,70.85662526,c12,elasticBeamColumn,
296,110220,100236,col_ey5,2,70.85662526,c12,elasticBeamColumn,
297,110236,100356,col_ey5,2,70.85662526,c12,elasticBeamColumn,
298,110356,100252,col_ey6,2,69.82142857,c12,elasticBeamColumn,
299,110252,100268,col_ey6,2,69.82142857,c12,elasticBeamColumn,
300,110268,100284,col_ey6,2,69.82142857,c12,elasticBeamColumn,
301,100006,100022,col_i1,1,5.664143375,c6,elasticBeamColumn,
302,110022,100038,col_i1,1,5.664143375,c6,elasticBeamColumn,
303,110038,100054,col_i1,1,5.664143375,c6,elasticBeamColumn,
304,110054,100357,col_i1,1,5.664143375,c6,elasticBeamColumn,
305,110357,100070,col_i2,1,5.772192029,c6,elasticBeamColumn,
306,110070,100086,col_i2,1,5.772192029,c6,elasticBeamColumn,
307,110086,100102,col_i2,1,5.772192029,c6,elasticBeamColumn,
308,110102,100361,col_i2,1,5.772192029,c6,elasticBeamColumn,
309,110361,100118,col_i3,1,4.243335921,c6,elasticBeamColumn,
310,110118,100134,col_i3,1,4.243335921,c6,elasticBeamColumn,
311,110134,100150,col_i3,1,4.243335921,c6,elasticBeamColumn,
312,110150,100365,col_i3,1,4.243335921,c6,elasticBeamColumn,
313,110365,100166,col_i4,1,4.329386646,c6,elasticBeamColumn,
314,110166,100182,col_i4,1,4.329386646,c6,elasticBeamColumn,
315,110182,100198,col_i4,1,4.329386646,c6,elasticBeamColumn,
316,110198,100369,col_i4,1,4.329386646,c6,elasticBeamColumn,
317,110369,100214,col_i5,1,4.355913561,c6,elasticBeamColumn,
318,110214,100230,col_i5,1,4.355913561,c6,elasticBeamColumn,
319,110230,100246,col_i5,1,4.355913561,c6,elasticBeamColumn,
320,110246,100373,col_i5,1,4.355913561,c6,elasticBeamColumn,
321,110373,100262,col_i6,1,4.355913561,c6,elasticBeamColumn,
322,110262,100278,col_i6,1,4.355913561,c6,elasticBeamColumn,
323,100007,100023,col_i1,1,5.664143375,c7,elasticBeamColumn,
324,110023,100039,col_i1,1,5.664143375,c7,elasticBeamColumn,
325,110039,100055,col_i1,1,5.664143375,c7,elasticBeamColumn,
326,110055,100358,col_i1,1,5.664143375,c7,elasticBeamColumn,
327,110358,100071,col_i2,1,5.772192029,c7,elasticBeamColumn,
328,110071,100087,col_i2,1,5.772192029,c7,elasticBeamColumn,
329,110087,100103,col_i2,1,5.772192029,c7,elasticBeamColumn,
330,110103,100362,col_i2,1,5.772192029,c7,elasticBeamColumn,
331,110362,100119,col_i3,1,4.243335921,c7,elasticBeamColumn,
332,110119,100135,col_i3,1,4.243335921,c7,elasticBeamColumn,
333,110135,100151,col_i3,1,4.243335921,c7,elasticBeamColumn,
334,110151,100366,col_i3,1,4.243335921,c7,elasticBeamColumn,
335,110366,100167,col_i4,1,4.329386646,c7,elasticBeamColumn,
336,110167,100183,col_i4,1,4.329386646,c7,elasticBeamColumn,
337,110183,100199,col_i4,1,4.329386646,c7,elasticBeamColumn,
338,110199,100370,col_i4,1,4.329386646,c7,elasticBeamColumn,
339,110370,100215,col_i5,1,4.355913561,c7,elasticBeamColumn,
340,110215,100231,col_i5,1,4.355913561,c7,elasticBeamColumn,
341,110231,100247,col_i5,1,4.355913561,c7,elasticBeamColumn,
342,110247,100374,col_i5,1,4.355913561,c7,elasticBeamColumn,
343,110374,100263,col_i6,1,4.355913561,c7,elasticBeamColumn,
344,110263,100279,col_i6,1,4.355913561,c7,elasticBeamColumn,
345,100010,100026,col_i1,1,5.664143375,c10,elasticBeamColumn,
346,110026,100042,col_i1,1,5.664143375,c10,elasticBeamColumn,
347,110042,100058,col_i1,1,5.664143375,c10,elasticBeamColumn,
348,110058,100359,col_i1,1,5.664143375,c10,elasticBeamColumn,
349,110359,100074,col_i2,1,5.772192029,c10,elasticBeamColumn,
350,110074,100090,col_i2,1,5.772192029,c10,elasticBeamColumn,
351,110090,100106,col_i2,1,5.772192029,c10,elasticBeamColumn,
352,110106,100363,col_i2,1,5.772192029,c10,elasticBeamColumn,
353,110363,100122,col_i3,1,4.243335921,c10,elasticBeamColumn,
354,110122,100138,col_i3,1,4.243335921,c10,elasticBeamColumn,
355,110138,100154,col_i3,1,4.243335921,c10,elasticBeamColumn,
356,110154,100367,col_i3,1,4.243335921,c10,elasticBeamColumn,
357,110367,100170,col_i4,1,4.329386646,c10,elasticBeamColumn,
358,110170,100186,col_i4,1,4.329386646,c10,elasticBeamColumn,
359,110186,100202,col_i4,1,4.329386646,c10,elasticBeamColumn,
360,110202,100371,col_i4,1,4.329386646,c10,elasticBeamColumn,
361,110371,100218,col_i5,1,4.355913561,c10,elasticBeamColumn,
362,110218,100234,col_i5,1,4.355913561,c10,elasticBeamColumn,
363,110234,100250,col_i5,1,4.355913561,c10,elasticBeamColumn,
364,110250,100375,col_i5,1,4.355913561,c10,elasticBeamColumn,
365,110375,100266,col_i6,1,4.355913561,c10,elasticBeamColumn,
366,110266,100282,col_i6,1,4.355913561,c10,elasticBeamColumn,
367,100011,100027,col_i1,1,5.664143375,c11,elasticBeamColumn,
368,110027,100043,col_i1,1,5.664143375,c11,elasticBeamColumn,
369,110043,100059,col_i1,1,5.664143375,c11,elasticBeamColumn,
370,110059,100360,col_i1,1,5.664143375,c11,elasticBeamColumn,
371,110360,100075,col_i2,1,5.772192029,c11,elasticBeamColumn,
372,110075,100091,col_i2,1,5.772192029,c11,elasticBeamColumn,
373,110091,100107,col_i2,1,5.772192029,c11,elasticBeamColumn,
374,110107,100364,col_i2,1,5.772192029,c11,elasticBeamColumn,
375,110364,100123,col_i3,1,4.243335921,c11,elasticBeamColumn,
376,110123,100139,col_i3,1,4.243335921,c11,elasticBeamColumn,
377,110139,100155,col_i3,1,4.243335921,c11,elasticBeamColumn,
378,110155,100368,col_i3,1,4.243335921,c11,elasticBeamColumn,
379,110368,100171,col_i4,1,4.329386646,c11,elasticBeamColumn,
380,110171,100187,col_i4,1,4.329386646,c11,elasticBeamColumn,
381,110187,100203,col_i4,1,4.329386646,c11,elasticBeamColumn,
382,110203,100372,col_i4,1,4.329386646,c11,elasticBeamColumn,
383,110372,100219,col_i5,1,4.355913561,c11,elasticBeamColumn,
384,110219,100235,col_i5,1,4.355913561,c11,elasticBeamColumn,
385,110235,100251,col_i5,1,4.355913561,c11,elasticBeamColumn,
386,110251,100376,col_i5,1,4.355913561,c11,elasticBeamColumn,
387,110376,100267,col_i6,1,4.355913561,c11,elasticBeamColumn,
388,110267,100283,col_i6,1,4.355913561,c11,elasticBeamColumn,
389,200017,200018,beam_ex1-7,1,8.087340882,bex0_1_2,elasticBeamColumn,
390,210018,200019,beam_ex1-7,1,6.874276171,bex0_2_3,elasticBeamColumn,
391,210019,200020,beam_ex1-7,1,8.087340882,bex0_3_4,elasticBeamColumn,
392,210020,200024,beam_ex1-7,2,8.087340882,bex0_4_8,elasticBeamColumn,
393,210024,200028,beam_ex1-7,2,6.874276171,bex0_8_12,elasticBeamColumn,
394,210028,200032,beam_ex1-7,2,22.66026014,bex0_12_16,elasticBeamColumn,
395,210032,200031,beam_ex1-7,1,18.65741718,bex0_16_15,elasticBeamColumn,
396,210031,200030,beam_ex1-7,1,14.42352979,bex0_15_14,elasticBeamColumn,
397,210030,200029,beam_ex1-7,1,15.4695911,bex0_14_13,elasticBeamColumn,
398,210029,200025,beam_ex1-7,2,15.4695911,bex0_13_9,elasticBeamColumn,
399,210025,200021,beam_ex1-7,2,6.874276171,bex0_9_5,elasticBeamColumn,
400,210021,210017,beam_ex1-7,2,8.087340882,bex0_5_1,elasticBeamColumn,
401,220021,200022,beam_in1-7,1,10.01870552,bin0_5_6,elasticBeamColumn,
402,210022,200023,beam_in1-7,1,5.205345012,bin0_6_7,elasticBeamColumn,
403,210023,220024,beam_in1-7,1,10.01870552,bin0_7_8,elasticBeamColumn,
404,220025,200026,beam_in1-7,1,17.40095574,bin0_9_10,elasticBeamColumn,
405,210026,200027,beam_in1-7,1,5.205345012,bin0_10_11,elasticBeamColumn,
406,210027,220028,beam_in1-7,1,10.01870552,bin0_11_12,elasticBeamColumn,
407,220018,220022,beam_in1-7,2,10.01870552,bin0_2_6,elasticBeamColumn,
408,230022,220026,beam_in1-7,2,5.205345012,bin0_6_10,elasticBeamColumn,
409,230026,220030,beam_in1-7,2,20.58878182,bin0_10_14,elasticBeamColumn,
410,220019,220023,beam_in1-7,2,10.01870552,bin0_3_7,elasticBeamColumn,
411,230023,220027,beam_in1-7,2,5.205345012,bin0_7_11,elasticBeamColumn,
412,230027,220031,beam_in1-7,2,20.58878182,bin0_11_15,elasticBeamColumn,
413,200033,200034,beam_ex1-7,1,4.08449793,bex14_1_2,elasticBeamColumn,
414,210034,200035,beam_ex1-7,1,4.08449793,bex14_2_3,elasticBeamColumn,
415,210035,200036,beam_ex1-7,1,4.08449793,bex14_3_4,elasticBeamColumn,
416,210036,200040,beam_ex1-7,2,4.08449793,bex14_4_8,elasticBeamColumn,
417,210040,200044,beam_ex1-7,2,4.08449793,bex14_8_12,elasticBeamColumn,
418,210044,200048,beam_ex1-7,2,18.65741718,bex14_12_16,elasticBeamColumn,
419,210048,200047,beam_ex1-7,1,18.65741718,bex14_16_15,elasticBeamColumn,
420,210047,200046,beam_ex1-7,1,14.42352979,bex14_15_14,elasticBeamColumn,
421,210046,200045,beam_ex1-7,1,4.08449793,bex14_14_13,elasticBeamColumn,
422,210045,200041,beam_ex1-7,2,4.08449793,bex14_13_9,elasticBeamColumn,
423,210041,200037,beam_ex1-7,2,4.08449793,bex14_9_5,elasticBeamColumn,
424,210037,210033,beam_ex1-7,2,4.08449793,bex14_5_1,elasticBeamColumn,
425,220037,200038,beam_in1-7,1,2.41556677,bin14_5_6,elasticBeamColumn,
426,210038,200039,beam_in1-7,1,2.41556677,bin14_6_7,elasticBeamColumn,
427,210039,220040,beam_in1-7,1,2.41556677,bin14_7_8,elasticBeamColumn,
428,220041,200042,beam_in1-7,1,2.41556677,bin14_9_10,elasticBeamColumn,
429,210042,200043,beam_in1-7,1,2.41556677,bin14_10_11,elasticBeamColumn,
430,210043,220044,beam_in1-7,1,2.41556677,bin14_11_12,elasticBeamColumn,
431,220034,220038,beam_in1-7,2,2.41556677,bin14_2_6,elasticBeamColumn,
432,230038,220042,beam_in1-7,2,2.41556677,bin14_6_10,elasticBeamColumn,
433,230042,220046,beam_in1-7,2,15.75840973,bin14_10_14,elasticBeamColumn,
434,220035,220039,beam_in1-7,2,2.41556677,bin14_3_7,elasticBeamColumn,
435,230039,220043,beam_in1-7,2,2.41556677,bin14_7_11,elasticBeamColumn,
436,230043,220047,beam_in1-7,2,10.01870552,bin14_11_15,elasticBeamColumn,
437,200049,200050,beam_ex1-7,1,8.087340882,bex30_1_2,elasticBeamColumn,
438,210050,200051,beam_ex1-7,1,6.874276171,bex30_2_3,elasticBeamColumn,
439,210051,200052,beam_ex1-7,1,8.087340882,bex30_3_4,elasticBeamColumn,
440,210052,200056,beam_ex1-7,2,8.087340882,bex30_4_8,elasticBeamColumn,
441,210056,200060,beam_ex1-7,2,6.874276171,bex30_8_12,elasticBeamColumn,
442,210060,200064,beam_ex1-7,2,8.087340882,bex30_12_16,elasticBeamColumn,
443,210064,200063,beam_ex1-7,1,4.08449793,bex30_16_15,elasticBeamColumn,
444,210063,200062,beam_ex1-7,1,6.874276171,bex30_15_14,elasticBeamColumn,
445,210062,200061,beam_ex1-7,1,15.4695911,bex30_14_13,elasticBeamColumn,
446,210061,200057,beam_ex1-7,2,15.4695911,bex30_13_9,elasticBeamColumn,
447,210057,200053,beam_ex1-7,2,6.874276171,bex30_9_5,elasticBeamColumn,
448,210053,210049,beam_ex1-7,2,8.087340882,bex30_5_1,elasticBeamColumn,
449,220053,200054,beam_in1-7,1,10.01870552,bin30_5_6,elasticBeamColumn,
450,210054,200055,beam_in1-7,1,5.205345012,bin30_6_7,elasticBeamColumn,
451,210055,220056,beam_in1-7,1,10.01870552,bin30_7_8,elasticBeamColumn,
452,220057,200058,beam_in1-7,1,17.40095574,bin30_9_10,elasticBeamColumn,
453,210058,200059,beam_in1-7,1,5.205345012,bin30_10_11,elasticBeamColumn,
454,210059,220060,beam_in1-7,1,10.01870552,bin30_11_12,elasticBeamColumn,
455,220050,220054,beam_in1-7,2,10.01870552,bin30_2_6,elasticBeamColumn,
456,230054,220058,beam_in1-7,2,5.205345012,bin30_6_10,elasticBeamColumn,
457,230058,220062,beam_in1-7,2,10.01870552,bin30_10_14,elasticBeamColumn,
458,220051,220055,beam_in1-7,2,10.01870552,bin30_3_7,elasticBeamColumn,
459,230055,220059,beam_in1-7,2,5.205345012,bin30_7_11,elasticBeamColumn,
460,230059,220063,beam_in1-7,2,6.01586257,bin30_11_15,elasticBeamColumn,
461,200065,200066,beam_ex1-7,1,4.08449793,bex42_1_2,elasticBeamColumn,
462,210066,200067,beam_ex1-7,1,4.08449793,bex42_2_3,elasticBeamColumn,
463,210067,200068,beam_ex1-7,1,4.08449793,bex42_3_4,elasticBeamColumn,
464,210068,200072,beam_ex1-7,2,4.08449793,bex42_4_8,elasticBeamColumn,
465,210072,200076,beam_ex1-7,2,4.08449793,bex42_8_12,elasticBeamColumn,
466,210076,200080,beam_ex1-7,2,4.08449793,bex42_12_16,elasticBeamColumn,
467,210080,200079,beam_ex1-7,1,4.08449793,bex42_16_15,elasticBeamColumn,
468,210079,200078,beam_ex1-7,1,4.08449793,bex42_15_14,elasticBeamColumn,
469,210078,200077,beam_ex1-7,1,15.4695911,bex42_14_13,elasticBeamColumn,
470,210077,200073,beam_ex1-7,2,15.4695911,bex42_13_9,elasticBeamColumn,
471,210073,200069,beam_ex1-7,2,12.16186657,bex42_9_5,elasticBeamColumn,
472,210069,210065,beam_ex1-7,2,4.08449793,bex42_5_1,elasticBeamColumn,
473,220069,200070,beam_in1-7,1,12.83966283,bin42_5_6,elasticBeamColumn,
474,210070,200071,beam_in1-7,1,2.41556677,bin42_6_7,elasticBeamColumn,
475,210071,220072,beam_in1-7,1,2.41556677,bin42_7_8,elasticBeamColumn,
476,220073,200074,beam_in1-7,1,17.40095574,bin42_9_10,elasticBeamColumn,
477,210074,200075,beam_in1-7,1,2.41556677,bin42_10_11,elasticBeamColumn,
478,210075,220076,beam_in1-7,1,2.41556677,bin42_11_12,elasticBeamColumn,
479,220066,220070,beam_in1-7,2,2.41556677,bin42_2_6,elasticBeamColumn,
480,230070,220074,beam_in1-7,2,2.41556677,bin42_6_10,elasticBeamColumn,
481,230074,220078,beam_in1-7,2,2.41556677,bin42_10_14,elasticBeamColumn,
482,220067,220071,beam_in1-7,2,2.41556677,bin42_3_7,elasticBeamColumn,
483,230071,220075,beam_in1-7,2,2.41556677,bin42_7_11,elasticBeamColumn,
484,230075,220079,beam_in1-7,2,2.41556677,bin42_11_15,elasticBeamColumn,
485,200081,200082,beam_ex1-7,1,8.087340882,bex55_1_2,elasticBeamColumn,
486,210082,200083,beam_ex1-7,1,6.874276171,bex55_2_3,elasticBeamColumn,
487,210083,200084,beam_ex1-7,1,8.087340882,bex55_3_4,elasticBeamColumn,
488,210084,200088,beam_ex1-7,2,8.087340882,bex55_4_8,elasticBeamColumn,
489,210088,200092,beam_ex1-7,2,6.874276171,bex55_8_12,elasticBeamColumn,
490,210092,200096,beam_ex1-7,2,8.087340882,bex55_12_16,elasticBeamColumn,
491,210096,200095,beam_ex1-7,1,8.087340882,bex55_16_15,elasticBeamColumn,
492,210095,200094,beam_ex1-7,1,6.874276171,bex55_15_14,elasticBeamColumn,
493,210094,200093,beam_ex1-7,1,15.4695911,bex55_14_13,elasticBeamColumn,
494,210093,200089,beam_ex1-7,2,15.4695911,bex55_13_9,elasticBeamColumn,
495,210089,200085,beam_ex1-7,2,6.874276171,bex55_9_5,elasticBeamColumn,
496,210085,210081,beam_ex1-7,2,8.087340882,bex55_5_1,elasticBeamColumn,
497,220085,200086,beam_in1-7,1,10.01870552,bin55_5_6,elasticBeamColumn,
498,210086,200087,beam_in1-7,1,5.205345012,bin55_6_7,elasticBeamColumn,
499,210087,220088,beam_in1-7,1,10.01870552,bin55_7_8,elasticBeamColumn,
500,220089,200090,beam_in1-7,1,17.40095574,bin55_9_10,elasticBeamColumn,
501,210090,200091,beam_in1-7,1,5.205345012,bin55_10_11,elasticBeamColumn,
502,210091,220092,beam_in1-7,1,10.01870552,bin55_11_12,elasticBeamColumn,
503,220082,220086,beam_in1-7,2,10.01870552,bin55_2_6,elasticBeamColumn,
504,230086,220090,beam_in1-7,2,5.205345012,bin55_6_10,elasticBeamColumn,
505,230090,220094,beam_in1-7,2,10.01870552,bin55_10_14,elasticBeamColumn,
506,220083,220087,beam_in1-7,2,10.01870552,bin55_3_7,elasticBeamColumn,
507,230087,220091,beam_in1-7,2,5.205345012,bin55_7_11,elasticBeamColumn,
508,230091,220095,beam_in1-7,2,10.01870552,bin55_11_15,elasticBeamColumn,
509,200097,200098,beam_ex1-7,1,4.08449793,bex67_1_2,elasticBeamColumn,
510,210098,200099,beam_ex1-7,1,4.08449793,bex67_2_3,elasticBeamColumn,
511,210099,200100,beam_ex1-7,1,4.08449793,bex67_3_4,elasticBeamColumn,
512,210100,200104,beam_ex1-7,2,4.08449793,bex67_4_8,elasticBeamColumn,
513,210104,200108,beam_ex1-7,2,4.08449793,bex67_8_12,elasticBeamColumn,
514,210108,200112,beam_ex1-7,2,4.08449793,bex67_12_16,elasticBeamColumn,
515,210112,200111,beam_ex1-7,1,4.08449793,bex67_16_15,elasticBeamColumn,
516,210111,200110,beam_ex1-7,1,4.08449793,bex67_15_14,elasticBeamColumn,
517,210110,200109,beam_ex1-7,1,15.4695911,bex67_14_13,elasticBeamColumn,
518,210109,200105,beam_ex1-7,2,15.4695911,bex67_13_9,elasticBeamColumn,
519,210105,200101,beam_ex1-7,2,12.16186657,bex67_9_5,elasticBeamColumn,
520,210101,210097,beam_ex1-7,2,4.08449793,bex67_5_1,elasticBeamColumn,
521,220101,200102,beam_in1-7,1,12.83966283,bin67_5_6,elasticBeamColumn,
522,210102,200103,beam_in1-7,1,2.41556677,bin67_6_7,elasticBeamColumn,
523,210103,220104,beam_in1-7,1,2.41556677,bin67_7_8,elasticBeamColumn,
524,220105,200106,beam_in1-7,1,17.40095574,bin67_9_10,elasticBeamColumn,
525,210106,200107,beam_in1-7,1,2.41556677,bin67_10_11,elasticBeamColumn,
526,210107,220108,beam_in1-7,1,2.41556677,bin67_11_12,elasticBeamColumn,
527,220098,220102,beam_in1-7,2,2.41556677,bin67_2_6,elasticBeamColumn,
528,230102,220106,beam_in1-7,2,2.41556677,bin67_6_10,elasticBeamColumn,
529,230106,220110,beam_in1-7,2,2.41556677,bin67_10_14,elasticBeamColumn,
530,220099,220103,beam_in1-7,2,2.41556677,bin67_3_7,elasticBeamColumn,
531,230103,220107,beam_in1-7,2,2.41556677,bin67_7_11,elasticBeamColumn,
532,230107,220111,beam_in1-7,2,2.41556677,bin67_11_15,elasticBeamColumn,
533,200113,200114,beam_ex1-7,1,8.087340882,bex80_1_2,elasticBeamColumn,
534,210114,200115,beam_ex1-7,1,6.874276171,bex80_2_3,elasticBeamColumn,
535,210115,200116,beam_ex1-7,1,8.087340882,bex80_3_4,elasticBeamColumn,
536,210116,200120,beam_ex1-7,2,8.087340882,bex80_4_8,elasticBeamColumn,
537,210120,200124,beam_ex1-7,2,6.874276171,bex80_8_12,elasticBeamColumn,
538,210124,200128,beam_ex1-7,2,8.087340882,bex80_12_16,elasticBeamColumn,
539,210128,200127,beam_ex1-7,1,8.087340882,bex80_16_15,elasticBeamColumn,
540,210127,200126,beam_ex1-7,1,6.874276171,bex80_15_14,elasticBeamColumn,
541,210126,200125,beam_ex1-7,1,15.4695911,bex80_14_13,elasticBeamColumn,
542,210125,200121,beam_ex1-7,2,15.4695911,bex80_13_9,elasticBeamColumn,
543,210121,200117,beam_ex1-7,2,6.874276171,bex80_9_5,elasticBeamColumn,
544,210117,210113,beam_ex1-7,2,8.087340882,bex80_5_1,elasticBeamColumn,
545,220117,200118,beam_in1-7,1,10.01870552,bin80_5_6,elasticBeamColumn,
546,210118,200119,beam_in1-7,1,5.205345012,bin80_6_7,elasticBeamColumn,
547,210119,220120,beam_in1-7,1,10.01870552,bin80_7_8,elasticBeamColumn,
548,220121,200122,beam_in1-7,1,17.40095574,bin80_9_10,elasticBeamColumn,
549,210122,200123,beam_in1-7,1,5.205345012,bin80_10_11,elasticBeamColumn,
550,210123,220124,beam_in1-7,1,10.01870552,bin80_11_12,elasticBeamColumn,
551,220114,220118,beam_in1-7,2,10.01870552,bin80_2_6,elasticBeamColumn,
552,230118,220122,beam_in1-7,2,5.205345012,bin80_6_10,elasticBeamColumn,
553,230122,220126,beam_in1-7,2,10.01870552,bin80_10_14,elasticBeamColumn,
554,220115,220119,beam_in1-7,2,10.01870552,bin80_3_7,elasticBeamColumn,
555,230119,220123,beam_in1-7,2,5.205345012,bin80_7_11,elasticBeamColumn,
556,230123,220127,beam_in1-7,2,10.01870552,bin80_11_15,elasticBeamColumn,
557,200129,200130,beam_ex1-7,1,4.08449793,bex92_1_2,elasticBeamColumn,
558,210130,200131,beam_ex1-7,1,4.08449793,bex92_2_3,elasticBeamColumn,
559,210131,200132,beam_ex1-7,1,4.08449793,bex92_3_4,elasticBeamColumn,
560,210132,200136,beam_ex1-7,2,4.08449793,bex92_4_8,elasticBeamColumn,
561,210136,200140,beam_ex1-7,2,4.08449793,bex92_8_12,elasticBeamColumn,
562,210140,200144,beam_ex1-7,2,4.08449793,bex92_12_16,elasticBeamColumn,
563,210144,200143,beam_ex1-7,1,4.08449793,bex92_16_15,elasticBeamColumn,
564,210143,200142,beam_ex1-7,1,4.08449793,bex92_15_14,elasticBeamColumn,
565,210142,200141,beam_ex1-7,1,15.4695911,bex92_14_13,elasticBeamColumn,
566,210141,200137,beam_ex1-7,2,15.4695911,bex92_13_9,elasticBeamColumn,
567,210137,200133,beam_ex1-7,2,12.16186657,bex92_9_5,elasticBeamColumn,
568,210133,210129,beam_ex1-7,2,4.08449793,bex92_5_1,elasticBeamColumn,
569,220133,200134,beam_in1-7,1,12.83966283,bin92_5_6,elasticBeamColumn,
570,210134,200135,beam_in1-7,1,2.41556677,bin92_6_7,elasticBeamColumn,
571,210135,220136,beam_in1-7,1,2.41556677,bin92_7_8,elasticBeamColumn,
572,220137,200138,beam_in1-7,1,17.40095574,bin92_9_10,elasticBeamColumn,
573,210138,200139,beam_in1-7,1,2.41556677,bin92_10_11,elasticBeamColumn,
574,210139,220140,beam_in1-7,1,2.41556677,bin92_11_12,elasticBeamColumn,
575,220130,220134,beam_in1-7,2,2.41556677,bin92_2_6,elasticBeamColumn,
576,230134,220138,beam_in1-7,2,2.41556677,bin92_6_10,elasticBeamColumn,
577,230138,220142,beam_in1-7,2,2.41556677,bin92_10_14,elasticBeamColumn,
578,220131,220135,beam_in1-7,2,2.41556677,bin92_3_7,elasticBeamColumn,
579,230135,220139,beam_in1-7,2,2.41556677,bin92_7_11,elasticBeamColumn,
580,230139,220143,beam_in1-7,2,2.41556677,bin92_11_15,elasticBeamColumn,
581,200145,200146,beam_ex1-7,1,8.087340882,bex105_1_2,elasticBeamColumn,
582,210146,200147,beam_ex1-7,1,6.874276171,bex105_2_3,elasticBeamColumn,
583,210147,200148,beam_ex1-7,1,8.087340882,bex105_3_4,elasticBeamColumn,
584,210148,200152,beam_ex1-7,2,8.087340882,bex105_4_8,elasticBeamColumn,
585,210152,200156,beam_ex1-7,2,6.874276171,bex105_8_12,elasticBeamColumn,
586,210156,200160,beam_ex1-7,2,8.087340882,bex105_12_16,elasticBeamColumn,
587,210160,200159,beam_ex1-7,1,8.087340882,bex105_16_15,elasticBeamColumn,
588,210159,200158,beam_ex1-7,1,6.874276171,bex105_15_14,elasticBeamColumn,
589,210158,200157,beam_ex1-7,1,15.4695911,bex105_14_13,elasticBeamColumn,
590,210157,200153,beam_ex1-7,2,15.4695911,bex105_13_9,elasticBeamColumn,
591,210153,200149,beam_ex1-7,2,6.874276171,bex105_9_5,elasticBeamColumn,
592,210149,210145,beam_ex1-7,2,8.087340882,bex105_5_1,elasticBeamColumn,
593,220149,200150,beam_in1-7,1,10.01870552,bin105_5_6,elasticBeamColumn,
594,210150,200151,beam_in1-7,1,5.205345012,bin105_6_7,elasticBeamColumn,
595,210151,220152,beam_in1-7,1,10.01870552,bin105_7_8,elasticBeamColumn,
596,220153,200154,beam_in1-7,1,17.40095574,bin105_9_10,elasticBeamColumn,
597,210154,200155,beam_in1-7,1,5.205345012,bin105_10_11,elasticBeamColumn,
598,210155,220156,beam_in1-7,1,10.01870552,bin105_11_12,elasticBeamColumn,
599,220146,220150,beam_in1-7,2,10.01870552,bin105_2_6,elasticBeamColumn,
600,230150,220154,beam_in1-7,2,5.205345012,bin105_6_10,elasticBeamColumn,
601,230154,220158,beam_in1-7,2,10.01870552,bin105_10_14,elasticBeamColumn,
602,220147,220151,beam_in1-7,2,10.01870552,bin105_3_7,elasticBeamColumn,
603,230151,220155,beam_in1-7,2,5.205345012,bin105_7_11,elasticBeamColumn,
604,230155,220159,beam_in1-7,2,10.01870552,bin105_11_15,elasticBeamColumn,
605,200161,200162,beam_ex1-7,1,4.08449793,bex117_1_2,elasticBeamColumn,
606,210162,200163,beam_ex1-7,1,4.08449793,bex117_2_3,elasticBeamColumn,
607,210163,200164,beam_ex1-7,1,4.08449793,bex117_3_4,elasticBeamColumn,
608,210164,200168,beam_ex1-7,2,4.08449793,bex117_4_8,elasticBeamColumn,
609,210168,200172,beam_ex1-7,2,4.08449793,bex117_8_12,elasticBeamColumn,
610,210172,200176,beam_ex1-7,2,4.08449793,bex117_12_16,elasticBeamColumn,
611,210176,200175,beam_ex1-7,1,4.08449793,bex117_16_15,elasticBeamColumn,
612,210175,200174,beam_ex1-7,1,4.08449793,bex117_15_14,elasticBeamColumn,
613,210174,200173,beam_ex1-7,1,15.4695911,bex117_14_13,elasticBeamColumn,
614,210173,200169,beam_ex1-7,2,15.4695911,bex117_13_9,elasticBeamColumn,
615,210169,200165,beam_ex1-7,2,12.16186657,bex117_9_5,elasticBeamColumn,
616,210165,210161,beam_ex1-7,2,4.08449793,bex117_5_1,elasticBeamColumn,
617,220165,200166,beam_in1-7,1,12.83966283,bin117_5_6,elasticBeamColumn,
618,210166,200167,beam_in1-7,1,2.41556677,bin117_6_7,elasticBeamColumn,
619,210167,220168,beam_in1-7,1,2.41556677,bin117_7_8,elasticBeamColumn,
620,220169,200170,beam_in1-7,1,17.40095574,bin117_9_10,elasticBeamColumn,
621,210170,200171,beam_in1-7,1,2.41556677,bin117_10_11,elasticBeamColumn,
622,210171,220172,beam_in1-7,1,2.41556677,bin117_11_12,elasticBeamColumn,
623,220162,220166,beam_in1-7,2,2.41556677,bin117_2_6,elasticBeamColumn,
624,230166,220170,beam_in1-7,2,2.41556677,bin117_6_10,elasticBeamColumn,
625,230170,220174,beam_in1-7,2,2.41556677,bin117_10_14,elasticBeamColumn,
626,220163,220167,beam_in1-7,2,2.41556677,bin117_3_7,elasticBeamColumn,
627,230167,220171,beam_in1-7,2,2.41556677,bin117_7_11,elasticBeamColumn,
628,230171,220175,beam_in1-7,2,2.41556677,bin117_11_15,elasticBeamColumn,
629,200177,200178,beam_ex1-7,1,8.087340882,bex130_1_2,elasticBeamColumn,
630,210178,200179,beam_ex1-7,1,6.874276171,bex130_2_3,elasticBeamColumn,
631,210179,200180,beam_ex1-7,1,8.087340882,bex130_3_4,elasticBeamColumn,
632,210180,200184,beam_ex1-7,2,8.087340882,bex130_4_8,elasticBeamColumn,
633,210184,200188,beam_ex1-7,2,6.874276171,bex130_8_12,elasticBeamColumn,
634,210188,200192,beam_ex1-7,2,8.087340882,bex130_12_16,elasticBeamColumn,
635,210192,200191,beam_ex1-7,1,8.087340882,bex130_16_15,elasticBeamColumn,
636,210191,200190,beam_ex1-7,1,6.874276171,bex130_15_14,elasticBeamColumn,
637,210190,200189,beam_ex1-7,1,15.4695911,bex130_14_13,elasticBeamColumn,
638,210189,200185,beam_ex1-7,2,15.4695911,bex130_13_9,elasticBeamColumn,
639,210185,200181,beam_ex1-7,2,6.874276171,bex130_9_5,elasticBeamColumn,
640,210181,210177,beam_ex1-7,2,8.087340882,bex130_5_1,elasticBeamColumn,
641,220181,200182,beam_in1-7,1,10.01870552,bin130_5_6,elasticBeamColumn,
642,210182,200183,beam_in1-7,1,5.205345012,bin130_6_7,elasticBeamColumn,
643,210183,220184,beam_in1-7,1,10.01870552,bin130_7_8,elasticBeamColumn,
644,220185,200186,beam_in1-7,1,17.40095574,bin130_9_10,elasticBeamColumn,
645,210186,200187,beam_in1-7,1,5.205345012,bin130_10_11,elasticBeamColumn,
646,210187,220188,beam_in1-7,1,10.01870552,bin130_11_12,elasticBeamColumn,
647,220178,220182,beam_in1-7,2,10.01870552,bin130_2_6,elasticBeamColumn,
648,230182,220186,beam_in1-7,2,5.205345012,bin130_6_10,elasticBeamColumn,
649,230186,220190,beam_in1-7,2,10.01870552,bin130_10_14,elasticBeamColumn,
650,220179,220183,beam_in1-7,2,10.01870552,bin130_3_7,elasticBeamColumn,
651,230183,220187,beam_in1-7,2,5.205345012,bin130_7_11,elasticBeamColumn,
652,230187,220191,beam_in1-7,2,10.01870552,bin130_11_15,elasticBeamColumn,
653,200193,200194,beam_ex1-7,1,4.08449793,bex142_1_2,elasticBeamColumn,
654,210194,200195,beam_ex1-7,1,4.08449793,bex142_2_3,elasticBeamColumn,
655,210195,200196,beam_ex1-7,1,4.08449793,bex142_3_4,elasticBeamColumn,
656,210196,200200,beam_ex1-7,2,4.08449793,bex142_4_8,elasticBeamColumn,
657,210200,200204,beam_ex1-7,2,4.08449793,bex142_8_12,elasticBeamColumn,
658,210204,200208,beam_ex1-7,2,4.08449793,bex142_12_16,elasticBeamColumn,
659,210208,200207,beam_ex1-7,1,4.08449793,bex142_16_15,elasticBeamColumn,
660,210207,200206,beam_ex1-7,1,4.08449793,bex142_15_14,elasticBeamColumn,
661,210206,200205,beam_ex1-7,1,15.4695911,bex142_14_13,elasticBeamColumn,
662,210205,200201,beam_ex1-7,2,15.4695911,bex142_13_9,elasticBeamColumn,
663,210201,200197,beam_ex1-7,2,12.16186657,bex142_9_5,elasticBeamColumn,
664,210197,210193,beam_ex1-7,2,4.08449793,bex142_5_1,elasticBeamColumn,
665,220197,200198,beam_in1-7,1,12.83966283,bex142_5_6,elasticBeamColumn,
666,210198,200199,beam_in1-7,1,2.41556677,bex142_6_7,elasticBeamColumn,
667,210199,220200,beam_in1-7,1,2.41556677,bex142_7_8,elasticBeamColumn,
668,220201,200202,beam_in1-7,1,17.40095574,bex142_9_10,elasticBeamColumn,
669,210202,200203,beam_in1-7,1,2.41556677,bex142_10_11,elasticBeamColumn,
670,210203,220204,beam_in1-7,1,2.41556677,bex142_11_12,elasticBeamColumn,
671,220194,220198,beam_in1-7,2,2.41556677,bex142_2_6,elasticBeamColumn,
672,230198,220202,beam_in1-7,2,2.41556677,bex142_6_10,elasticBeamColumn,
673,230202,220206,beam_in1-7,2,2.41556677,bex142_10_14,elasticBeamColumn,
674,220195,220199,beam_in1-7,2,2.41556677,bex142_3_7,elasticBeamColumn,
675,230199,220203,beam_in1-7,2,2.41556677,bex142_7_11,elasticBeamColumn,
676,230203,220207,beam_in1-7,2,2.41556677,bex142_11_15,elasticBeamColumn,
677,200209,200210,beam_ex1-7,1,8.087340882,bex155_1_2,elasticBeamColumn,
678,210210,200211,beam_ex1-7,1,6.874276171,bex155_2_3,elasticBeamColumn,
679,210211,200212,beam_ex1-7,1,8.087340882,bex155_3_4,elasticBeamColumn,
680,210212,200216,beam_ex1-7,2,8.087340882,bex155_4_8,elasticBeamColumn,
681,210216,200220,beam_ex1-7,2,6.874276171,bex155_8_12,elasticBeamColumn,
682,210220,200224,beam_ex1-7,2,8.087340882,bex155_12_16,elasticBeamColumn,
683,210224,200223,beam_ex1-7,1,8.087340882,bex155_16_15,elasticBeamColumn,
684,210223,200222,beam_ex1-7,1,6.874276171,bex155_15_14,elasticBeamColumn,
685,210222,200221,beam_ex1-7,1,15.4695911,bex155_14_13,elasticBeamColumn,
686,210221,200217,beam_ex1-7,2,15.4695911,bex155_13_9,elasticBeamColumn,
687,210217,200213,beam_ex1-7,2,6.874276171,bex155_9_5,elasticBeamColumn,
688,210213,210209,beam_ex1-7,2,8.087340882,bex155_5_1,elasticBeamColumn,
689,220213,200214,beam_in1-7,1,10.01870552,bin155_5_6,elasticBeamColumn,
690,210214,200215,beam_in1-7,1,5.205345012,bin155_6_7,elasticBeamColumn,
691,210215,220216,beam_in1-7,1,10.01870552,bin155_7_8,elasticBeamColumn,
692,220217,200218,beam_in1-7,1,17.40095574,bin155_9_10,elasticBeamColumn,
693,210218,200219,beam_in1-7,1,5.205345012,bin155_10_11,elasticBeamColumn,
694,210219,220220,beam_in1-7,1,10.01870552,bin155_11_12,elasticBeamColumn,
695,220210,220214,beam_in1-7,2,10.01870552,bin155_2_6,elasticBeamColumn,
696,230214,220218,beam_in1-7,2,5.205345012,bin155_6_10,elasticBeamColumn,
697,230218,220222,beam_in1-7,2,10.01870552,bin155_10_14,elasticBeamColumn,
698,220211,220215,beam_in1-7,2,10.01870552,bin155_3_7,elasticBeamColumn,
699,230215,220219,beam_in1-7,2,5.205345012,bin155_7_11,elasticBeamColumn,
700,230219,220223,beam_in1-7,2,10.01870552,bin155_11_15,elasticBeamColumn,
701,200225,200226,beam_ex1-7,1,4.08449793,bex163_1_2,elasticBeamColumn,
702,210226,200227,beam_ex1-7,1,4.08449793,bex163_2_3,elasticBeamColumn,
703,210227,200228,beam_ex1-7,1,4.08449793,bex163_3_4,elasticBeamColumn,
704,210228,200232,beam_ex1-7,2,4.08449793,bex163_4_8,elasticBeamColumn,
705,210232,200236,beam_ex1-7,2,4.08449793,bex163_8_12,elasticBeamColumn,
706,210236,200240,beam_ex1-7,2,4.08449793,bex163_12_16,elasticBeamColumn,
707,210240,200239,beam_ex1-7,1,4.08449793,bex163_16_15,elasticBeamColumn,
708,210239,200238,beam_ex1-7,1,4.08449793,bex163_15_14,elasticBeamColumn,
709,210238,200237,beam_ex1-7,1,15.4695911,bex163_14_13,elasticBeamColumn,
710,210237,200233,beam_ex1-7,2,15.4695911,bex163_13_9,elasticBeamColumn,
711,210233,200229,beam_ex1-7,2,12.16186657,bex163_9_5,elasticBeamColumn,
712,210229,210225,beam_ex1-7,2,4.08449793,bex163_5_1,elasticBeamColumn,
713,220229,200230,beam_in1-7,1,12.83966283,bin163_5_6,elasticBeamColumn,
714,210230,200231,beam_in1-7,1,2.41556677,bin163_6_7,elasticBeamColumn,
715,210231,220232,beam_in1-7,1,2.41556677,bin163_7_8,elasticBeamColumn,
716,220233,200234,beam_in1-7,1,17.40095574,bin163_9_10,elasticBeamColumn,
717,210234,200235,beam_in1-7,1,2.41556677,bin163_10_11,elasticBeamColumn,
718,210235,220236,beam_in1-7,1,2.41556677,bin163_11_12,elasticBeamColumn,
719,220226,220230,beam_in1-7,2,2.41556677,bin163_2_6,elasticBeamColumn,
720,230230,220234,beam_in1-7,2,2.41556677,bin163_6_10,elasticBeamColumn,
721,230234,220238,beam_in1-7,2,2.41556677,bin163_10_14,elasticBeamColumn,
722,220227,220231,beam_in1-7,2,2.41556677,bin163_3_7,elasticBeamColumn,
723,230231,220235,beam_in1-7,2,2.41556677,bin163_7_11,elasticBeamColumn,
724,230235,220239,beam_in1-7,2,2.41556677,bin163_11_15,elasticBeamColumn,
725,200241,200242,beam_ex1-7,1,8.087340882,bex173_1_2,elasticBeamColumn,
726,210242,200243,beam_ex1-7,1,6.874276171,bex173_2_3,elasticBeamColumn,
727,210243,200244,beam_ex1-7,1,8.087340882,bex173_3_4,elasticBeamColumn,
728,210244,200248,beam_ex1-7,2,8.087340882,bex173_4_8,elasticBeamColumn,
729,210248,200252,beam_ex1-7,2,6.874276171,bex173_8_12,elasticBeamColumn,
730,210252,200256,beam_ex1-7,2,8.087340882,bex173_12_16,elasticBeamColumn,
731,210256,200255,beam_ex1-7,1,8.087340882,bex173_16_15,elasticBeamColumn,
732,210255,200254,beam_ex1-7,1,6.874276171,bex173_15_14,elasticBeamColumn,
733,210254,200253,beam_ex1-7,1,8.087340882,bex173_14_13,elasticBeamColumn,
734,210253,200249,beam_ex1-7,2,8.087340882,bex173_13_9,elasticBeamColumn,
735,210249,200245,beam_ex1-7,2,6.874276171,bex173_9_5,elasticBeamColumn,
736,210245,210241,beam_ex1-7,2,8.087340882,bex173_5_1,elasticBeamColumn,
737,220245,200246,beam_in1-7,1,10.01870552,bin173_5_6,elasticBeamColumn,
738,210246,200247,beam_in1-7,1,5.205345012,bin173_6_7,elasticBeamColumn,
739,210247,220248,beam_in1-7,1,10.01870552,bin173_7_8,elasticBeamColumn,
740,220249,200250,beam_in1-7,1,10.01870552,bin173_9_10,elasticBeamColumn,
741,210250,200251,beam_in1-7,1,5.205345012,bin173_10_11,elasticBeamColumn,
742,210251,220252,beam_in1-7,1,10.01870552,bin173_11_12,elasticBeamColumn,
743,220242,220246,beam_in1-7,2,10.01870552,bin173_2_6,elasticBeamColumn,
744,230246,220250,beam_in1-7,2,5.205345012,bin173_6_10,elasticBeamColumn,
745,230250,220254,beam_in1-7,2,10.01870552,bin173_10_14,elasticBeamColumn,
746,220243,220247,beam_in1-7,2,10.01870552,bin173_3_7,elasticBeamColumn,
747,230247,220251,beam_in1-7,2,5.205345012,bin173_7_11,elasticBeamColumn,
748,230251,220255,beam_in1-7,2,10.01870552,bin173_11_15,elasticBeamColumn,
749,200257,200258,beam_ex8,1,4.08449793,bex184_1_2,elasticBeamColumn,
750,210258,200259,beam_ex8,1,4.08449793,bex184_2_3,elasticBeamColumn,
751,210259,200260,beam_ex8,1,4.08449793,bex184_3_4,elasticBeamColumn,
752,210260,200264,beam_ex8,2,4.08449793,bex184_4_8,elasticBeamColumn,
753,210264,200268,beam_ex8,2,4.08449793,bex184_8_12,elasticBeamColumn,
754,210268,200272,beam_ex8,2,4.08449793,bex184_12_16,elasticBeamColumn,
755,210272,200271,beam_ex8,1,4.08449793,bex184_16_15,elasticBeamColumn,
756,210271,200270,beam_ex8,1,4.08449793,bex184_15_14,elasticBeamColumn,
757,210270,200269,beam_ex8,1,4.08449793,bex184_14_13,elasticBeamColumn,
758,210269,200265,beam_ex8,2,4.08449793,bex184_13_9,elasticBeamColumn,
759,210265,200261,beam_ex8,2,4.08449793,bex184_9_5,elasticBeamColumn,
760,210261,210257,beam_ex8,2,4.08449793,bex184_5_1,elasticBeamColumn,
761,220261,200262,beam_in8,1,2.41556677,bin184_5_6,elasticBeamColumn,
762,210262,200263,beam_in8,1,2.41556677,bin184_6_7,elasticBeamColumn,
763,210263,220264,beam_in8,1,2.41556677,bin184_7_8,elasticBeamColumn,
764,220265,200266,beam_in8,1,2.41556677,bin184_9_10,elasticBeamColumn,
765,210266,200267,beam_in8,1,2.41556677,bin184_10_11,elasticBeamColumn,
766,210267,220268,beam_in8,1,2.41556677,bin184_11_12,elasticBeamColumn,
767,220258,220262,beam_in8,2,2.41556677,bin184_2_6,elasticBeamColumn,
768,230262,220266,beam_in8,2,2.41556677,bin184_6_10,elasticBeamColumn,
769,230266,220270,beam_in8,2,2.41556677,bin184_10_14,elasticBeamColumn,
770,220259,220263,beam_in8,2,2.41556677,bin184_3_7,elasticBeamColumn,
771,230263,220267,beam_in8,2,2.41556677,bin184_7_11,elasticBeamColumn,
772,230267,220271,beam_in8,2,2.41556677,bin184_11_15,elasticBeamColumn,
773,200273,200274,beam_ex8,1,8.087340882,bex196_1_2,elasticBeamColumn,
774,210274,200275,beam_ex8,1,6.874276171,bex196_2_3,elasticBeamColumn,
775,210275,200276,beam_ex8,1,8.087340882,bex196_3_4,elasticBeamColumn,
776,210276,200280,beam_ex8,2,8.087340882,bex196_4_8,elasticBeamColumn,
777,210280,200284,beam_ex8,2,6.874276171,bex196_8_12,elasticBeamColumn,
778,210284,200288,beam_ex8,2,8.087340882,bex196_12_16,elasticBeamColumn,
779,210288,200287,beam_ex8,1,8.087340882,bex196_16_15,elasticBeamColumn,
780,210287,200286,beam_ex8,1,6.874276171,bex196_15_14,elasticBeamColumn,
781,210286,200285,beam_ex8,1,8.087340882,bex196_14_13,elasticBeamColumn,
782,210285,200281,beam_ex8,2,8.087340882,bex196_13_9,elasticBeamColumn,
783,210281,200277,beam_ex8,2,6.874276171,bex196_9_5,elasticBeamColumn,
784,210277,210273,beam_ex8,2,8.087340882,bex196_5_1,elasticBeamColumn,
785,220277,200278,beam_in8,1,10.01870552,bin196_5_6,elasticBeamColumn,
786,210278,200279,beam_in8,1,5.205345012,bin196_6_7,elasticBeamColumn,
787,210279,220280,beam_in8,1,10.01870552,bin196_7_8,elasticBeamColumn,
788,220281,200282,beam_in8,1,10.01870552,bin196_9_10,elasticBeamColumn,
789,210282,200283,beam_in8,1,5.205345012,bin196_10_11,elasticBeamColumn,
790,210283,220284,beam_in8,1,10.01870552,bin196_11_12,elasticBeamColumn,
791,220274,220278,beam_in8,2,10.01870552,bin196_2_6,elasticBeamColumn,
792,230278,220282,beam_in8,2,5.205345012,bin196_6_10,elasticBeamColumn,
793,230282,220286,beam_in8,2,10.01870552,bin196_10_14,elasticBeamColumn,
794,220275,220279,beam_in8,2,10.01870552,bin196_3_7,elasticBeamColumn,
795,230279,220283,beam_in8,2,5.205345012,bin196_7_11,elasticBeamColumn,
796,230283,220287,beam_in8,2,10.01870552,bin196_11_15,elasticBeamColumn,
797,200381,200398,beam_ex9,1,55.24281538,bex224_1_2,elasticBeamColumn,
798,210398,200382,beam_ex9,1,55.24281538,bex224_1_2,elasticBeamColumn,
799,210382,200399,beam_ex9,1,55.24281538,bex224_1_2,elasticBeamColumn,
800,210399,200383,beam_ex9,1,55.24281538,bex224_2_3,elasticBeamColumn,
801,210383,200400,beam_ex9,1,55.24281538,bex224_3_4,elasticBeamColumn,
802,210400,200384,beam_ex9,1,55.24281538,bex224_3_4,elasticBeamColumn,
803,210384,200390,beam_ex9,2,55.24281538,bex224_4_10,elasticBeamColumn,
804,210390,200389,beam_ex9,2,55.24281538,bex224_10_9,elasticBeamColumn,
805,210389,200388,beam_ex9,2,55.24281538,bex224_9_8,elasticBeamColumn,
806,210388,200394,beam_ex9,2,55.24281538,bex224_4_16,elasticBeamColumn,
807,210394,200397,beam_ex9,1,55.24281538,bex224_4_16,elasticBeamColumn,
808,210397,200393,beam_ex9,1,55.24281538,bex224_16_15,elasticBeamColumn,
809,210393,200396,beam_ex9,1,55.24281538,bex224_16_15,elasticBeamColumn,
810,210396,200392,beam_ex9,1,55.24281538,bex224_15_14,elasticBeamColumn,
811,210392,200395,beam_ex9,1,55.24281538,bex224_14_13,elasticBeamColumn,
812,210395,200391,beam_ex9,1,55.24281538,bex224_14_13,elasticBeamColumn,
813,210391,200385,beam_ex9,2,55.24281538,bex224_5_6,elasticBeamColumn,
814,210385,200386,beam_ex9,2,55.24281538,bex224_6_7,elasticBeamColumn,
815,210386,200387,beam_ex9,2,55.24281538,bex224_7_8,elasticBeamColumn,
816,210387,210381,beam_ex9,2,55.24281538,bex224_7_8,elasticBeamColumn,
817,220382,220392,beam_in9,2,20.3909485,bin224_2_14,elasticBeamColumn,
818,220383,220393,beam_in9,2,20.3909485,bin224_3_15,elasticBeamColumn,
819,200401,200402,beam_ex10,1,7.816543737,bex234_1_2,elasticBeamColumn,
820,210402,200403,beam_ex10,1,7.816543737,bex234_2_3,elasticBeamColumn,
821,210403,200404,beam_ex10,1,7.816543737,bex234_3_4,elasticBeamColumn,
822,210404,200405,beam_ex10,1,7.816543737,bex234_4_5,elasticBeamColumn,
823,210405,200411,beam_ex10,1,7.816543737,bex234_5_11,elasticBeamColumn,
824,210411,200422,beam_ex10,2,7.816543737,bex234_11_12,elasticBeamColumn,
825,210422,200412,beam_ex10,2,7.816543737,bex234_11_12,elasticBeamColumn,
826,210412,200413,beam_ex10,2,7.816543737,bex234_12_13,elasticBeamColumn,
827,210413,200421,beam_ex10,2,7.816543737,bex234_12_13,elasticBeamColumn,
828,210421,200414,beam_ex10,2,7.816543737,bex234_13_14,elasticBeamColumn,
829,210414,200406,beam_ex10,1,7.816543737,bex234_14_6,elasticBeamColumn,
830,210406,200407,beam_ex10,1,7.816543737,bex234_6_7,elasticBeamColumn,
831,210407,200408,beam_ex10,1,7.816543737,bex234_7_8,elasticBeamColumn,
832,210408,200409,beam_ex10,1,7.816543737,bex234_8_9,elasticBeamColumn,
833,210409,200410,beam_ex10,1,7.816543737,bex234_9_10,elasticBeamColumn,
834,210410,200423,beam_ex10,2,7.816543737,bex234_9_10,elasticBeamColumn,
835,210423,200416,beam_ex10,2,7.816543737,bex234_10_16,elasticBeamColumn,
836,210416,200415,beam_ex10,2,7.816543737,bex234_16_15,elasticBeamColumn,
837,210415,200424,beam_ex10,2,7.816543737,bex234_16_15,elasticBeamColumn,
838,210424,210401,beam_ex10,2,7.816543737,bex234_15_1,elasticBeamColumn,
839,220403,220408,beam_in10,2,15.44141434,bex234_3_8,elasticBeamColumn,
840,220404,220407,beam_in10,2,15.44141434,bex234_4_7,elasticBeamColumn,
841,220402,200418,beam_in10,2,15.44141434,bex234_2_18,elasticBeamColumn,
842,210418,200417,beam_in10,2,15.44141434,bex234_18_17,elasticBeamColumn,
843,210417,220409,beam_in10,2,15.44141434,bex234_17_9,elasticBeamColumn,
844,220405,200420,beam_in10,2,15.44141434,bex234_5_20,elasticBeamColumn,
845,210420,200419,beam_in10,2,15.44141434,bex234_20_19,elasticBeamColumn,
846,210419,220406,beam_in10,2,15.44141434,bex234_19_6,elasticBeamColumn,
847,220417,220419,beam_in10,1,15.44141434,bex234_17_19,elasticBeamColumn,
848,220418,220420,beam_in10,1,15.44141434,bex234_18_20,elasticBeamColumn,
849,230419,220421,beam_in10,1,15.44141434,bex234_19_21,elasticBeamColumn,
850,230420,220422,beam_in10,1,15.44141434,bex234_20_22,elasticBeamColumn,
851,230417,220423,beam_in10,1,15.44141434,bex234_17_23,elasticBeamColumn,
852,230418,220424,beam_in10,1,15.44141434,bex234_18_24,elasticBeamColumn,
853,200426,200427,beam_ex11,1,8.672683747,bex242_2_3,elasticBeamColumn,
854,210427,200428,beam_ex11,2,8.672683747,bex242_3_4,elasticBeamColumn,
855,210428,200429,beam_ex11,2,8.672683747,bex242_4_5,elasticBeamColumn,
856,210429,200430,beam_ex11,2,8.672683747,bex242_5_6,elasticBeamColumn,
857,210430,200431,beam_ex11,1,8.672683747,bex242_6_7,elasticBeamColumn,
858,210431,200432,beam_ex11,2,8.672683747,bex242_7_8,elasticBeamColumn,
859,210432,200425,beam_ex11,2,8.672683747,bex242_8_1,elasticBeamColumn,
860,210425,210426,beam_ex11,2,8.672683747,bex242_1_2,elasticBeamColumn,
861,220425,220428,beam_in11,1,10.17278851,bin242_1_4,elasticBeamColumn,
862,220432,220429,beam_in11,1,3.746118012,bin242_8_5,elasticBeamColumn,
863,200442,200443,beam_ex12,1,7.897688061,bex258_2_3,elasticBeamColumn,
864,210443,200444,beam_ex12,2,7.897688061,bex258_3_4,elasticBeamColumn,
865,210444,200445,beam_ex12,2,7.897688061,bex258_4_5,elasticBeamColumn,
866,210445,200446,beam_ex12,2,7.897688061,bex258_5_6,elasticBeamColumn,
867,210446,200447,beam_ex12,1,7.897688061,bex258_6_7,elasticBeamColumn,
868,210447,200448,beam_ex12,2,7.897688061,bex258_7_8,elasticBeamColumn,
869,210448,200441,beam_ex12,2,7.897688061,bex258_8_1,elasticBeamColumn,
870,210441,210442,beam_ex12,2,7.897688061,bex258_1_2,elasticBeamColumn,
871,220441,220444,beam_in12,1,7.897688061,bin258_1_4,elasticBeamColumn,
872,220445,220448,beam_in12,1,7.897688061,bin258_5_8,elasticBeamColumn,
873,200449,200450,beam_ex13,2,5.30142016,bex272_1_2,elasticBeamColumn,
874,210450,200451,beam_ex13,1,5.30142016,bex272_2_3,elasticBeamColumn,
875,210451,200452,beam_ex13,2,5.30142016,bex272_3_4,elasticBeamColumn,
876,210452,210449,beam_ex13,1,5.30142016,bex272_4_1,elasticBeamColumn,
877,200453,200454,beam_ex14,2,2.966162008,bex281_1_2,elasticBeamColumn,
878,210454,200455,beam_ex14,1,2.966162008,bex281_2_3,elasticBeamColumn,
879,210455,200456,beam_ex14,2,2.966162008,bex281_3_4,elasticBeamColumn,
880,210456,210453,beam_ex14,1,2.966162008,bex281_4_1,elasticBeamColumn,
881,200457,200458,beam_ex15,2,1.835856625,bex287_1_2,elasticBeamColumn,
882,210458,200459,beam_ex15,1,1.835856625,bex287_2_3,elasticBeamColumn,
883,210459,200460,beam_ex15,2,1.835856625,bex287_3_4,elasticBeamColumn,
884,210460,210457,beam_ex15,1,1.835856625,bex287_4_1,elasticBeamColumn,
885,300013,300025,br_ge,0,0,brexg_south,Truss,1
886,300009,300029,br_ge,0,0,brexg_south,Truss,1
887,300005,300017,br_ge,0,0,brexg_south,Truss,1
888,300001,300021,br_ge,0,0,brexg_south,Truss,1
889,310005,310025,br_gi,0,0,bring_south,Truss,1
890,310009,310021,br_gi,0,0,bring_south,Truss,1
891,300016,300028,br_ge,0,0,brexg_north,Truss,1
892,300012,300032,br_ge,0,0,brexg_north,Truss,1
893,300008,300020,br_ge,0,0,brexg_north,Truss,1
894,300004,300024,br_ge,0,0,brexg_north,Truss,1
895,310008,310028,br_gi,0,0,bring_north,Truss,1
896,310012,310024,br_gi,0,0,bring_north,Truss,1
897,310013,300030,br_ge,0,0,brexg_west,Truss,1
898,300014,310029,br_ge,0,0,brexg_west,Truss,1
899,300015,310032,br_ge,0,0,brexg_west,Truss,1
900,310016,300031,br_ge,0,0,brexg_west,Truss,1
901,310014,310031,br_gi,0,0,bring_west,Truss,1
902,310015,310030,br_gi,0,0,bring_west,Truss,1
903,310001,300018,br_ge,0,0,brexg_east,Truss,1
904,300002,310017,br_ge,0,0,brexg_east,Truss,1
905,300003,310020,br_ge,0,0,brexg_east,Truss,1
906,310004,300019,br_ge,0,0,brexg_east,Truss,1
907,310002,310019,br_gi,0,0,bring_east,Truss,1
908,310003,310018,br_gi,0,0,bring_east,Truss,1
909,300045,300057,br_1e,0,0,brex1_south,Truss,1
910,300033,300053,br_1e,0,0,brex1_south,Truss,1
911,300037,310057,br_1i,0,0,brin1_south,Truss,1
912,300041,310053,br_1i,0,0,brin1_south,Truss,1
913,320017,300061,br_p1,0,0,brp1_south,Truss,1
914,320029,300049,br_p1,0,0,brp1_south,Truss,1
915,330017,310061,br_cp1,0,0,brcp1_south,Truss,1
916,330029,310049,br_cp1,0,0,brcp1_south,Truss,1
917,300048,300060,br_1e,0,0,brex1_north,Truss,1
918,300036,300056,br_1e,0,0,brex1_north,Truss,1
919,300040,310060,br_1i,0,0,brin1_north,Truss,1
920,300044,310056,br_1i,0,0,brin1_north,Truss,1
921,320032,300052,br_p1,0,0,brp1_north,Truss,1
922,320020,300064,br_p1,0,0,brp1_north,Truss,1
923,330032,310052,br_cp1,0,0,brcp1_north,Truss,1
924,330020,310064,br_cp1,0,0,brcp1_north,Truss,1
925,310045,300062,br_1e,0,0,brex1_west,Truss,1
926,310048,300063,br_1e,0,0,brex1_west,Truss,1
927,300047,310062,br_1i,0,0,brin1_west,Truss,1
928,300046,310063,br_1i,0,0,brin1_west,Truss,1
929,340029,320064,br_p1,0,0,brp1_west,Truss,1
930,340032,320061,br_p1,0,0,brp1_west,Truss,1
931,350029,330064,br_cp1,0,0,brcp1_west,Truss,1
932,350032,330061,br_cp1,0,0,brcp1_west,Truss,1
933,310033,300050,br_1e,0,0,brex1_east,Truss,1
934,310036,300051,br_1e,0,0,brex1_east,Truss,1
935,300035,310050,br_1i,0,0,brin1_east,Truss,1
936,300034,310051,br_1i,0,0,brin1_east,Truss,1
937,340017,320052,br_p1,0,0,brp1_east,Truss,1
938,340020,320049,br_p1,0,0,brp1_east,Truss,1
939,350017,330052,br_cp1,0,0,brcp1_east,Truss,1
940,350020,330049,br_cp1,0,0,brcp1_east,Truss,1
941,300077,300089,br_2e,0,0,brex2_south,Truss,1
942,300065,300085,br_2e,0,0,brex2_south,Truss,1
943,300069,310089,br_2i,0,0,brin2_south,Truss,1
944,300073,310085,br_2i,0,0,brin2_south,Truss,1
945,340049,300093,br_p2,0,0,brp2_south,Truss,1
946,340061,300081,br_p2,0,0,brp2_south,Truss,1
947,350049,310093,br_cp2,0,0,brcp2_south,Truss,1
948,350061,310081,br_cp2,0,0,brcp2_south,Truss,1
949,300080,300092,br_2e,0,0,brex2_north,Truss,1
950,300068,300088,br_2e,0,0,brex2_north,Truss,1
951,300072,310092,br_2i,0,0,brin2_north,Truss,1
952,300076,310088,br_2i,0,0,brin2_north,Truss,1
953,340052,300096,br_p2,0,0,brp2_north,Truss,1
954,340064,300084,br_p2,0,0,brp2_north,Truss,1
955,350052,310096,br_cp2,0,0,brcp2_north,Truss,1
956,350064,310084,br_cp2,0,0,brcp2_north,Truss,1
957,310077,300094,br_2e,0,0,brex2_west,Truss,1
958,310080,300095,br_2e,0,0,brex2_west,Truss,1
959,300079,310094,br_2i,0,0,brin2_west,Truss,1
960,300078,310095,br_2i,0,0,brin2_west,Truss,1
961,360061,320096,br_p2,0,0,brp2_west,Truss,1
962,360064,320093,br_p2,0,0,brp2_west,Truss,1
963,370061,330096,br_cp2,0,0,brcp2_west,Truss,1
964,370064,330093,br_cp2,0,0,brcp2_west,Truss,1
965,310065,300082,br_2e,0,0,brex2_east,Truss,1
966,310068,300083,br_2e,0,0,brex2_east,Truss,1
967,300067,310082,br_2i,0,0,brin2_east,Truss,1
968,300066,310083,br_2i,0,0,brin2_east,Truss,1
969,360049,320084,br_p2,0,0,brp2_east,Truss,1
970,360052,320081,br_p2,0,0,brp2_east,Truss,1
971,370049,330084,br_cp2,0,0,brcp2_east,Truss,1
972,370052,330081,br_cp2,0,0,brcp2_east,Truss,1
973,300109,300121,br_3e,0,0,brex3_south,Truss,1
974,300097,300117,br_3e,0,0,brex3_south,Truss,1
975,300101,310121,br_3i,0,0,brin3_south,Truss,1
976,300105,310117,br_3i,0,0,brin3_south,Truss,1
977,340081,300125,br_p3,0,0,brp3_south,Truss,1
978,340093,300113,br_p3,0,0,brp3_south,Truss,1
979,350081,310125,br_cp3,0,0,brcp3_south,Truss,1
980,350093,310113,br_cp3,0,0,brcp3_south,Truss,1
981,300112,300124,br_3e,0,0,brex3_north,Truss,1
982,300100,300120,br_3e,0,0,brex3_north,Truss,1
983,300104,310124,br_3i,0,0,brin3_north,Truss,1
984,300108,310120,br_3i,0,0,brin3_north,Truss,1
985,340084,300128,br_p3,0,0,brp3_north,Truss,1
986,340096,300116,br_p3,0,0,brp3_north,Truss,1
987,350084,310128,br_cp3,0,0,brcp3_north,Truss,1
988,350096,310116,br_cp3,0,0,brcp3_north,Truss,1
989,310109,300126,br_3e,0,0,brex3_west,Truss,1
990,310112,300127,br_3e,0,0,brex3_west,Truss,1
991,300111,310126,br_3i,0,0,brin3_west,Truss,1
992,300110,310127,br_3i,0,0,brin3_west,Truss,1
993,360093,320128,br_p3,0,0,brp3_west,Truss,1
994,360096,320125,br_p3,0,0,brp3_west,Truss,1
995,370093,330128,br_cp3,0,0,brcp3_west,Truss,1
996,370096,330125,br_cp3,0,0,brcp3_west,Truss,1
997,310097,300114,br_3e,0,0,brex3_east,Truss,1
998,310100,300115,br_3e,0,0,brex3_east,Truss,1
999,300099,310114,br_3i,0,0,brin3_east,Truss,1
1000,300098,310115,br_3i,0,0,brin3_east,Truss,1
1001,360081,320116,br_p3,0,0,brp3_east,Truss,1
1002,360084,320113,br_p3,0,0,brp3_east,Truss,1
1003,370081,330116,br_cp3,0,0,brcp3_east,Truss,1
1004,370084,330113,br_cp3,0,0,brcp3_east,Truss,1
1005,300141,300153,br_4e,0,0,brex4_south,Truss,1
1006,300129,300149,br_4e,0,0,brex4_south,Truss,1
1007,300133,310153,br_4i,0,0,brin4_south,Truss,1
1008,300137,310149,br_4i,0,0,brin4_south,Truss,1
1009,340113,300157,br_p4,0,0,brp4_south,Truss,1
1010,340125,300145,br_p4,0,0,brp4_south,Truss,1
1011,350113,310157,br_cp4,0,0,brcp4_south,Truss,1
1012,350125,310145,br_cp4,0,0,bcrp4_south,Truss,1
1013,300144,300156,br_4e,0,0,brex4_north,Truss,1
1014,300132,300152,br_4e,0,0,brex4_north,Truss,1
1015,300136,310156,br_4i,0,0,brin4_north,Truss,1
1016,300140,310152,br_4i,0,0,brin4_north,Truss,1
1017,340116,300160,br_p4,0,0,brp4_north,Truss,1
1018,340128,300148,br_p4,0,0,brp4_north,Truss,1
1019,350116,310160,br_cp4,0,0,brcp4_north,Truss,1
1020,350128,310148,br_cp4,0,0,brcp4_north,Truss,1
1021,310141,300158,br_4e,0,0,brex4_west,Truss,1
1022,310144,300159,br_4e,0,0,brex4_west,Truss,1
1023,300143,310158,br_4i,0,0,brin4_west,Truss,1
1024,300142,310159,br_4i,0,0,brin4_west,Truss,1
1025,360128,320157,br_p4,0,0,brp4_west,Truss,1
1026,360125,320160,br_p4,0,0,brp4_west,Truss,1
1027,370128,330157,br_cp4,0,0,brcp4_west,Truss,1
1028,370125,330160,br_cp4,0,0,brcp4_west,Truss,1
1029,310129,300146,br_4e,0,0,brex4_east,Truss,1
1030,310132,300147,br_4e,0,0,brex4_east,Truss,1
1031,300131,310146,br_4i,0,0,brin4_east,Truss,1
1032,300130,310147,br_4i,0,0,brin4_east,Truss,1
1033,360113,320148,br_p4,0,0,brp4_east,Truss,1
1034,360116,320145,br_p4,0,0,brp4_east,Truss,1
1035,370113,330148,br_cp4,0,0,brcp4_east,Truss,1
1036,370116,330145,br_cp4,0,0,brcp4_east,Truss,1
1037,300173,300185,br_5e,0,0,brex5_south,Truss,1
1038,300161,300181,br_5e,0,0,brex5_south,Truss,1
1039,300165,310185,br_5i,0,0,brin5_south,Truss,1
1040,300169,310181,br_5i,0,0,brin5_south,Truss,1
1041,340145,300189,br_p5,0,0,brp5_south,Truss,1
1042,340157,300177,br_p5,0,0,brp5_south,Truss,1
1043,350145,310189,br_cp5,0,0,brcp5_south,Truss,1
1044,350157,310177,br_cp5,0,0,brcp5_south,Truss,1
1045,300176,300188,br_5e,0,0,brex5_north,Truss,1
1046,300164,300184,br_5e,0,0,brex5_north,Truss,1
1047,300168,310188,br_5i,0,0,brin5_north,Truss,1
1048,300172,310184,br_5i,0,0,brin5_north,Truss,1
1049,340148,300192,br_p5,0,0,brp5_north,Truss,1
1050,340160,300180,br_p5,0,0,brp5_north,Truss,1
1051,350148,310192,br_cp5,0,0,brcp5_north,Truss,1
1052,350160,310180,br_cp5,0,0,brcp5_north,Truss,1
1053,310173,300190,br_5e,0,0,brex5_west,Truss,1
1054,310176,300191,br_5e,0,0,brex5_west,Truss,1
1055,300175,310190,br_5i,0,0,brin5_west,Truss,1
1056,300174,310191,br_5i,0,0,brin5_west,Truss,1
1057,360157,320192,br_p5,0,0,brp5_west,Truss,1
1058,360160,320189,br_p5,0,0,brp5_west,Truss,1
1059,370157,330192,br_cp5,0,0,brcp5_west,Truss,1
1060,370160,330189,br_cp5,0,0,brcp5_west,Truss,1
1061,310161,300178,br_5e,0,0,brex5_east,Truss,1
1062,310164,300179,br_5e,0,0,brex5_east,Truss,1
1063,300163,310178,br_5i,0,0,brin5_east,Truss,1
1064,300162,310179,br_5i,0,0,brin5_east,Truss,1
1065,360145,320180,br_p5,0,0,brp5_east,Truss,1
1066,360148,320177,br_p5,0,0,brp5_east,Truss,1
1067,370145,330180,br_cp5,0,0,brcp5_east,Truss,1
1068,370148,330177,br_cp5,0,0,brcp5_east,Truss,1
1069,300205,300217,br_6e,0,0,brex6_south,Truss,1
1070,300193,300213,br_6e,0,0,brex6_south,Truss,1
1071,300197,310217,br_6i,0,0,brin6_south,Truss,1
1072,300201,310213,br_6i,0,0,brin6_south,Truss,1
1073,340177,300221,br_p6,0,0,brp6_south,Truss,1
1074,340189,300209,br_p6,0,0,brp6_south,Truss,1
1075,350177,310221,br_cp6,0,0,brcp6_south,Truss,1
1076,350189,310209,br_cp6,0,0,brcp6_south,Truss,1
1077,300208,300220,br_6e,0,0,brex6_north,Truss,1
1078,300196,300216,br_6e,0,0,brex6_north,Truss,1
1079,300200,310220,br_6i,0,0,brin6_north,Truss,1
1080,300204,310216,br_6i,0,0,brin6_north,Truss,1
1081,340180,300224,br_p6,0,0,brp6_north,Truss,1
1082,340192,300212,br_p6,0,0,brp6_north,Truss,1
1083,350180,310224,br_cp6,0,0,brcp6_north,Truss,1
1084,350192,310212,br_cp6,0,0,brcp6_north,Truss,1
1085,310205,300222,br_6e,0,0,brex6_west,Truss,1
1086,310208,300223,br_6e,0,0,brex6_west,Truss,1
1087,300207,310222,br_6i,0,0,brin6_west,Truss,1
1088,300206,310223,br_6i,0,0,brin6_west,Truss,1
1089,360189,320224,br_p6,0,0,brp6_west,Truss,1
1090,360192,320221,br_p6,0,0,brp6_west,Truss,1
1091,370189,330224,br_cp6,0,0,brcp6_west,Truss,1
1092,370192,330221,br_cp6,0,0,brcp6_west,Truss,1
1093,310193,300210,br_6e,0,0,brex6_east,Truss,1
1094,310196,300211,br_6e,0,0,brex6_east,Truss,1
1095,300195,310210,br_6i,0,0,brin6_east,Truss,1
1096,300194,310211,br_6i,0,0,brin6_east,Truss,1
1097,360177,320212,br_p6,0,0,brp6_east,Truss,1
1098,360180,320209,br_p6,0,0,brp6_east,Truss,1
1099,370177,330212,br_cp6,0,0,brcp6_east,Truss,1
1100,370180,330209,br_cp6,0,0,brcp6_east,Truss,1
1101,300237,300249,br_7e,0,0,brex7_south,Truss,1
1102,300225,300245,br_7e,0,0,brex7_south,Truss,1
1103,300229,310249,br_7i,0,0,brin7_south,Truss,1
1104,300233,310245,br_7i,0,0,brin7_south,Truss,1
1105,340209,300253,br_p7,0,0,bpr7_south,Truss,1
1106,340221,300241,br_p7,0,0,bpr7_south,Truss,1
1107,350209,310253,br_cp7,0,0,brcp7_south,Truss,1
1108,350221,310241,br_cp7,0,0,brcp7_south,Truss,1
1109,300240,300252,br_7e,0,0,brex7_north,Truss,1
1110,300228,300248,br_7e,0,0,brex7_north,Truss,1
1111,300232,310252,br_7i,0,0,brin7_north,Truss,1
1112,300236,310248,br_7i,0,0,brin7_north,Truss,1
1113,340212,300256,br_p7,0,0,bpr7_north,Truss,1
1114,340224,300244,br_p7,0,0,bpr7_north,Truss,1
1115,350212,310256,br_cp7,0,0,brcp7_north,Truss,1
1116,350224,310244,br_cp7,0,0,brcp7_north,Truss,1
1117,310237,300254,br_7e,0,0,brex7_west,Truss,1
1118,310240,300255,br_7e,0,0,brex7_west,Truss,1
1119,300239,310254,br_7i,0,0,brin7_west,Truss,1
1120,300238,310255,br_7i,0,0,brin7_west,Truss,1
1121,360221,320256,br_p7,0,0,bpr7_west,Truss,1
1122,360224,320253,br_p7,0,0,bpr7_west,Truss,1
1123,370221,330256,br_cp7,0,0,brcp7_west,Truss,1
1124,370224,330253,br_cp7,0,0,brcp7_west,Truss,1
1125,310225,300242,br_7e,0,0,brex7_east,Truss,1
1126,310228,300243,br_7e,0,0,brex7_east,Truss,1
1127,300227,310242,br_7i,0,0,brin7_east,Truss,1
1128,300226,310243,br_7i,0,0,brin7_east,Truss,1
1129,360209,320244,br_p7,0,0,bpr7_east,Truss,1
1130,360212,320241,br_p7,0,0,bpr7_east,Truss,1
1131,370209,330244,br_cp7,0,0,brcp7_east,Truss,1
1132,370212,330241,br_cp7,0,0,brcp7_east,Truss,1
1133,300269,300281,br_8e,0,0,brex8_south,Truss,1
1134,300265,300285,br_8e,0,0,brex8_south,Truss,1
1135,300261,300273,br_8e,0,0,brex8_south,Truss,1
1136,300257,300277,br_8e,0,0,brex8_south,Truss,1
1137,310261,310281,br_8i,0,0,brin8_south,Truss,1
1138,310265,310277,br_8i,0,0,brin8_south,Truss,1
1139,340241,310285,br_p8,0,0,bpr8_south,Truss,1
1140,340253,310273,br_p8,0,0,bpr8_south,Truss,1
1141,350241,320285,br_cp8,0,0,brcp8_south,Truss,1
1142,350253,320273,br_cp8,0,0,brcp8_south,Truss,1
1143,300272,300284,br_8e,0,0,brex8_north,Truss,1
1144,300268,300288,br_8e,0,0,brex8_north,Truss,1
1145,300264,300276,br_8e,0,0,brex8_north,Truss,1
1146,300260,300280,br_8e,0,0,brex8_north,Truss,1
1147,310264,310284,br_8i,0,0,brin8_north,Truss,1
1148,310268,310280,br_8i,0,0,brin8_north,Truss,1
1149,340244,310288,br_p8,0,0,bpr8_north,Truss,1
1150,340256,310276,br_p8,0,0,bpr8_north,Truss,1
1151,350244,320288,br_cp8,0,0,brcp8_north,Truss,1
1152,350256,320276,br_cp8,0,0,brcp8_north,Truss,1
1153,310269,300286,br_8e,0,0,brex8_west,Truss,1
1154,300270,330285,br_8e,0,0,brex8_west,Truss,1
1155,300271,330288,br_8e,0,0,brex8_west,Truss,1
1156,310272,300287,br_8e,0,0,brex8_west,Truss,1
1157,310270,310287,br_8i,0,0,brin8_west,Truss,1
1158,310271,310286,br_8i,0,0,brin8_west,Truss,1
1159,360253,340288,br_p8,0,0,bpr8_west,Truss,1
1160,360256,340285,br_p8,0,0,bpr8_west,Truss,1
1161,370253,350288,br_cp8,0,0,brcp8_west,Truss,1
1162,370256,350285,br_cp8,0,0,brcp8_west,Truss,1
1163,310257,300274,br_8e,0,0,brex8_east,Truss,1
1164,300258,330273,br_8e,0,0,brex8_east,Truss,1
1165,300259,330276,br_8e,0,0,brex8_east,Truss,1
1166,310260,300275,br_8e,0,0,brex8_east,Truss,1
1167,310258,310275,br_8i,0,0,brin8_east,Truss,1
1168,310259,310274,br_8i,0,0,brin8_east,Truss,1
1169,360241,340276,br_p8,0,0,bpr8_east,Truss,1
1170,360244,340273,br_p8,0,0,bpr8_east,Truss,1
1171,370241,350276,br_cp8,0,0,brcp8_east,Truss,1
1172,370244,350273,br_cp8,0,0,brcp8_east,Truss,1
1173,300377,300387,br_truss,0,0,brex9_south,Truss,1
1174,300378,300390,br_truss,0,0,brex9_north,Truss,1
1175,300380,300385,br_truss,0,0,brex9_south,Truss,1
1176,300379,300388,br_truss,0,0,brex9_north,Truss,1
1177,310377,300398,br_truss,0,0,brex9_east,Truss,1
1178,310378,300400,br_truss,0,0,brex9_east,Truss,1
1179,300394,300397,br_truss,0,0,brex9_west,Truss,1
1180,300391,300395,br_truss,0,0,brex9_west,Truss,1
1181,310385,300416,br_truss,0,0,brex10_south,Truss,1
1182,320385,300410,br_truss,0,0,brex10_south,Truss,1
1183,300386,310416,br_truss,0,0,brex10_south,Truss,1
1184,310386,300415,br_truss,0,0,brex10_south,Truss,1
1185,310387,310415,br_truss,0,0,brex10_south,Truss,1
1186,320387,300401,br_truss,0,0,brex10_south,Truss,1
1187,310398,300403,br_truss,0,0,brex10_east,Truss,1
1188,320398,310401,br_truss,0,0,brex10_east,Truss,1
1189,300399,310403,br_truss,0,0,brex10_east,Truss,1
1190,310399,300404,br_truss,0,0,brex10_east,Truss,1
1191,310400,310404,br_truss,0,0,brex10_east,Truss,1
1192,320400,300411,br_truss,0,0,brex10_east,Truss,1
1193,310390,310411,br_truss,0,0,brex10_north,Truss,1
1194,320390,300412,br_truss,0,0,brex10_north,Truss,1
1195,300389,310412,br_truss,0,0,brex10_north,Truss,1
1196,310389,300413,br_truss,0,0,brex10_north,Truss,1
1197,310388,310413,br_truss,0,0,brex10_north,Truss,1
1198,320388,300414,br_truss,0,0,brex10_north,Truss,1
1199,310395,310410,br_truss,0,0,brex10_west,Truss,1
1200,320395,300408,br_truss,0,0,brex10_west,Truss,1
1201,300396,310408,br_truss,0,0,brex10_west,Truss,1
1202,310396,300407,br_truss,0,0,brex10_west,Truss,1
1203,310397,310407,br_truss,0,0,brex10_west,Truss,1
1204,320397,310414,br_truss,0,0,brex10_west,Truss,1
1205,300420,300439,br_roof,0,0,br_roof_1,Truss,1
1206,310420,300436,br_roof,0,0,br_roof_1,Truss,1
1207,300419,300435,br_roof,0,0,br_roof_1,Truss,1
1208,310419,300437,br_roof,0,0,br_roof_1,Truss,1
1209,300417,300438,br_roof,0,0,br_roof_1,Truss,1
1210,310417,300433,br_roof,0,0,br_roof_1,Truss,1
1211,300418,300434,br_roof,0,0,br_roof_1,Truss,1
1212,310418,300440,br_roof,0,0,br_roof_1,Truss,1
1213,300431,300442,br_roof,0,0,br_roof_2,Truss,1
1214,300426,300447,br_roof,0,0,br_roof_2,Truss,1
1215,300427,300446,br_roof,0,0,br_roof_2,Truss,1
1216,300430,300443,br_roof,0,0,br_roof_2,Truss,1
1217,310431,310446,br_roof,0,0,br_roof_2,Truss,1
1218,310430,310447,br_roof,0,0,br_roof_2,Truss,1
1219,310426,310443,br_roof,0,0,br_roof_2,Truss,1
1220,310427,310442,br_roof,0,0,br_roof_2,Truss,1
1221,320442,300449,br_roof,0,0,br_roof_3,Truss,1
1222,320447,300450,br_roof,0,0,br_roof_3,Truss,1
1223,320443,300452,br_roof,0,0,br_roof_3,Truss,1
1224,320446,300451,br_roof,0,0,br_roof_3,Truss,1
1225,330442,310451,br_roof,0,0,br_roof_3,Truss,1
1226,330447,310452,br_roof,0,0,br_roof_3,Truss,1
1227,330443,310450,br_roof,0,0,br_roof_3,Truss,1
1228,330446,310449,br_roof,0,0,br_roof_3,Truss,1
1229,320449,300454,br_roof,0,0,br_roof_4,Truss,1
1230,320450,300453,br_roof,0,0,br_roof_4,Truss,1
1231,320451,300456,br_roof,0,0,br_roof_4,Truss,1
1232,320452,300455,br_roof,0,0,br_roof_4,Truss,1
1233,330449,310456,br_roof,0,0,br_roof_4,Truss,1
1234,330450,310455,br_roof,0,0,br_roof_4,Truss,1
1235,330451,310454,br_roof,0,0,br_roof_4,Truss,1
1236,330452,310453,br_roof,0,0,br_roof_4,Truss,1